\BOOKMARK [2][-]{subsection.0.1}{\376\377\0009\000\040\000C\000r\000i\000m\000e\000s\000\040\000\050\000D\000a\000m\000i\000e\000n\000\040\000R\000i\000c\000e\000\051}{}% 1
\BOOKMARK [2][-]{subsection.0.2}{\376\377\000A\000k\000o\000r\000d\000y\000\040\000\050\000K\000a\000r\000e\000l\000\040\000P\000l\000\355\000h\000a\000l\000\051}{}% 2
\BOOKMARK [2][-]{subsection.0.3}{\376\377\000A\000l\000e\000n\000k\000a\000\040\000v\000\040\001\131\000\355\001\141\000i\000\040\000d\000i\000v\001\157\000\040\000\050\000K\000a\000r\000e\000l\000\040\000Z\000i\000c\000h\000\051}{}% 3
\BOOKMARK [2][-]{subsection.0.4}{\376\377\000A\000l\000i\000s\000o\000n\000\040\000G\000r\000o\000s\000\040\000\050\000A\000s\000o\000n\000a\000n\000c\000e\000\051}{}% 4
\BOOKMARK [2][-]{subsection.0.5}{\376\377\000A\000l\000l\000\040\000m\000y\000\040\000l\000o\000v\000i\000n\000g\000\040\000\050\000T\000h\000e\000\040\000B\000e\000a\000t\000l\000e\000s\000\051}{}% 5
\BOOKMARK [2][-]{subsection.0.6}{\376\377\000A\000m\000a\000z\000o\000n\000k\000a\000\040\000\050\000H\000o\000p\000\040\000T\000r\000o\000p\000\051}{}% 6
\BOOKMARK [2][-]{subsection.0.7}{\376\377\000A\000m\000a\000z\000o\000n\000k\000a\000\040\000\050\000H\000o\000p\000\040\000T\000r\000o\000p\000\051}{}% 7
\BOOKMARK [2][-]{subsection.0.8}{\376\377\000A\000m\000e\000r\000i\000k\000a\000\040\000\050\000L\000u\000c\000i\000e\000\051}{}% 8
\BOOKMARK [2][-]{subsection.0.9}{\376\377\000A\000m\000n\000e\000s\000t\000i\000e\000\040\000\050\000K\000a\000r\000e\000l\000\040\000P\000l\000\355\000h\000a\000l\000\051}{}% 9
\BOOKMARK [2][-]{subsection.0.10}{\376\377\000A\000m\000o\000r\000\040\000M\000a\000g\000o\000r\000\040\000\050\000L\000u\000c\000i\000e\000\040\000B\000\355\000l\000\341\000\051}{}% 10
\BOOKMARK [2][-]{subsection.0.11}{\376\377\000A\000n\000d\001\033\000l\000\040\000\050\000K\000a\000r\000e\000l\000\040\000K\000r\000y\000l\000\051}{}% 11
\BOOKMARK [2][-]{subsection.0.12}{\376\377\000A\000n\000d\001\033\000l\000\351\000\040\000n\000a\000d\000e\000\040\000m\000n\000o\000u\000\040\000b\000d\000\355\000\040\000\050\000k\001\131\000e\000s\001\145\000a\000n\000s\000k\000\341\000\051}{}% 12
\BOOKMARK [2][-]{subsection.0.13}{\376\377\000A\000n\000d\001\033\000l\000\040\000\050\000M\000i\000r\000a\000i\000\051}{}% 13
\BOOKMARK [2][-]{subsection.0.14}{\376\377\000A\000n\000d\001\033\000l\000s\000k\000\341\000\040\000\050\000Z\000u\000z\000a\000n\000a\000\040\000N\000a\000v\000a\000r\000o\000v\000\341\000\051}{}% 14
\BOOKMARK [2][-]{subsection.0.15}{\376\377\000A\000n\000d\000u\000l\000c\000e\000\040\000z\000\040\000b\000\351\001\015\000k\000a\000\040\000\050\000b\000r\000a\000t\001\131\000i\000\040\000E\000b\000e\000n\000o\000v\000\351\000\051}{}% 15
\BOOKMARK [2][-]{subsection.0.16}{\376\377\000A\000n\000g\000e\000l\000s\000\040\000\050\000R\000o\000b\000b\000i\000e\000\040\000W\000i\000l\000l\000i\000a\000m\000s\000\051}{}% 16
\BOOKMARK [2][-]{subsection.0.17}{\376\377\000A\000n\000t\000i\000d\000e\000p\000r\000e\000s\000i\000v\000n\000\355\000\040\000r\000y\000b\000i\001\015\000k\000a\000\040\000\050\000V\000y\000p\000s\000a\000n\000\341\000\040\000f\000i\000x\000a\000\051}{}% 17
\BOOKMARK [2][-]{subsection.0.18}{\376\377\000A\001\145\000\040\000p\000o\001\176\000e\000h\000n\000\341\000n\000\040\000j\000e\000\040\000B\001\157\000h\000\040\000\050\000M\000a\000t\000t\000\040\000a\000n\000d\000\040\000B\000e\000t\000h\000\040\000R\000e\000d\000m\000a\000n\000\040\000/\000\040\000P\000e\000t\000r\000a\000\040\000H\000r\000a\000d\000i\000l\000o\000v\000\341\000\051}{}% 18
\BOOKMARK [2][-]{subsection.0.19}{\376\377\000A\000u\000l\000d\000\040\000L\000a\000n\000g\000\040\000S\000y\000n\000e\000\040\000\050\000s\000k\000o\000t\000s\000k\000\341\000\040\000/\000\040\000R\000.\000\040\000B\000u\000r\000n\000s\000\040\000/\000\040\000J\000.\000\040\000V\000.\000\040\000S\000l\000\341\000d\000e\000k\000\051}{}% 19
\BOOKMARK [2][-]{subsection.0.20}{\376\377\000A\001\176\000\040\000s\000e\000\040\000z\000e\000p\000t\000\341\000\040\000r\000\341\000n\000o\000\040\000\050\000b\000r\000a\000t\001\131\000i\000\040\000E\000b\000e\000n\000o\000v\000\351\000\051}{}% 20
\BOOKMARK [2][-]{subsection.0.21}{\376\377\000A\000\040\000o\000d\000\040\000t\001\033\000c\000h\000\040\001\015\000a\000s\001\157\000\040\000\050\000J\000a\000n\000e\000k\000\040\000L\000e\000d\000e\000c\000k\000\375\000\051}{}% 21
\BOOKMARK [2][-]{subsection.0.22}{\376\377\000A\000\040\000p\000a\000k\000\040\000\050\000T\000o\000m\000\341\001\141\000\040\000K\000l\000u\000s\000\051}{}% 22
\BOOKMARK [2][-]{subsection.0.23}{\376\377\000A\000\040\000p\000o\000h\000\341\000d\000k\000y\000\040\000j\000e\000\040\000k\000o\000n\000e\000c\000\040\000\050\000z\000\040\000f\000i\000l\000m\000u\000\040\000N\000e\000s\000m\000r\000t\000e\000l\000n\000\341\000\040\000t\000e\000t\000a\000\051}{}% 23
\BOOKMARK [2][-]{subsection.0.24}{\376\377\000A\000\040\000t\000e\000\040\000R\000e\000h\000r\000a\000d\000i\000c\000e\000\040\000\050\001\014\000e\000c\000h\000o\000m\000o\000r\000\051}{}% 24
\BOOKMARK [2][-]{subsection.0.25}{\376\377\000A\000\040\000T\000h\000o\000u\000s\000a\000n\000d\000\040\000Y\000e\000a\000r\000s\000\040\000\050\000C\000h\000r\000i\000s\000t\000i\000n\000a\000\040\000P\000e\000r\000r\000i\000\051}{}% 25
\BOOKMARK [2][-]{subsection.0.26}{\376\377\000B\000a\000b\000y\000l\000o\000n\000\040\000\050\000J\000a\000r\000o\000m\000\355\000r\000\040\000N\000o\000h\000a\000v\000i\000c\000a\000\051}{}% 26
\BOOKMARK [2][-]{subsection.0.27}{\376\377\000B\000a\000l\000e\000t\000k\000a\000\040\000\050\000C\000h\000i\000n\000a\000s\000k\000i\000\051}{}% 27
\BOOKMARK [2][-]{subsection.0.28}{\376\377\000B\000a\000n\000k\000a\000\040\000\050\000W\000a\000b\000i\000\040\000R\000y\000v\000o\000l\000a\000\051}{}% 28
\BOOKMARK [2][-]{subsection.0.29}{\376\377\000B\000\341\000r\000a\000\040\000\050\000K\000a\000b\000\341\000t\000\051}{}% 29
\BOOKMARK [2][-]{subsection.0.30}{\376\377\000B\000a\000r\000b\000o\000r\000a\000\040\000p\000\355\001\141\000e\000\040\000z\000\040\000t\000\341\000b\000o\000r\000a\000\040\000\050\000Z\000d\000e\000n\001\033\000k\000\040\000S\000v\001\033\000r\000\341\000k\000\051}{}% 30
\BOOKMARK [2][-]{subsection.0.31}{\376\377\000B\000a\000r\000e\000v\000n\000e\000j\000\040\000s\000v\001\033\000t\000\040\000\050\000N\000e\000z\000m\000a\001\131\000i\000\051}{}% 31
\BOOKMARK [2][-]{subsection.0.32}{\376\377\000B\000a\000t\000a\000l\000i\000o\000n\000\040\000\050\000S\000p\000i\000r\000i\000t\000u\000\341\000l\000\040\000K\000v\000i\000n\000t\000e\000t\000\051}{}% 32
\BOOKMARK [2][-]{subsection.0.33}{\376\377\000B\000a\000t\000a\000l\000i\000o\000n\000\040\000\050\000D\000i\000v\000o\000k\000e\000j\000\040\000B\000i\000l\000l\000\051}{}% 33
\BOOKMARK [2][-]{subsection.0.34}{\376\377\000B\000a\000t\000t\000l\000e\000d\000r\000e\000s\000s\000\040\000\050\000G\000r\000e\000e\000n\000h\000o\000r\000n\000s\000\051}{}% 34
\BOOKMARK [2][-]{subsection.0.35}{\376\377\000B\001\033\000d\000a\000\040\000p\000o\000r\000a\001\176\000e\000n\000\375\000m\000\040\000\050\000K\000l\000\355\001\015\000\051}{}% 35
\BOOKMARK [2][-]{subsection.0.36}{\376\377\000B\000e\000d\000n\000a\000\040\000o\000d\000\040\000w\000h\000i\000s\000k\000y\000\040\000\050\000W\000a\000b\000i\000\040\000R\000y\000v\000o\000l\000a\000\051}{}% 36
\BOOKMARK [2][-]{subsection.0.37}{\376\377\000B\000\355\000l\000\375\000\040\000s\000e\000x\000\040\000\050\000J\000a\000n\000a\000n\000a\000s\000\051}{}% 37
\BOOKMARK [2][-]{subsection.0.38}{\376\377\000B\000l\000a\000y\000\040\000N\000e\000l\000l\000y\000\040\000\050\000K\000.\000T\000.\000O\000.\000\051}{}% 38
\BOOKMARK [2][-]{subsection.0.39}{\376\377\000B\000l\000\341\000z\000n\000o\000v\000a\000\040\000u\000k\000o\000l\000\351\000b\000a\000v\000k\000a\000\040\000\050\000P\000a\000v\000e\000l\000\040\000D\000y\000d\000o\000v\000i\001\015\000\051}{}% 39
\BOOKMARK [2][-]{subsection.0.40}{\376\377\000B\000l\000b\000e\000j\000\040\000d\000e\000n\000\040\000\050\000P\000o\000k\000\341\001\015\000\051}{}% 40
\BOOKMARK [2][-]{subsection.0.41}{\376\377\000B\000l\000\355\000z\000k\000o\000\040\000L\000i\000t\000t\000l\000e\000\040\000B\000i\000g\000\040\000H\000o\000r\000n\000u\000\040\000\050\000M\000i\000c\000h\000a\000l\000\040\000T\000u\001\015\000n\000\375\000\051}{}% 41
\BOOKMARK [2][-]{subsection.0.42}{\376\377\000B\000l\000o\000w\000i\000n\000g\000\040\000i\000n\000\040\000t\000h\000e\000\040\000w\000i\000n\000d\000\040\000\050\000B\000o\000b\000\040\000D\000y\000l\000a\000n\000\051}{}% 42
\BOOKMARK [2][-]{subsection.0.43}{\376\377\000B\000l\000u\000e\000s\000\040\000f\000o\000l\000s\000o\000m\000s\000k\000\351\000\040\000v\001\033\000z\000n\000i\000c\000e\000\040\000\050\000G\000r\000e\000e\000n\000h\000o\000r\000n\000s\000\051}{}% 43
\BOOKMARK [2][-]{subsection.0.44}{\376\377\000B\000l\000u\000e\000s\000\040\000n\000a\000\040\000c\000e\000s\000t\000u\000\040\000p\000o\000s\000l\000e\000d\000n\000\355\000\040\000\050\000J\000i\001\131\000\355\000\040\000S\000u\000c\000h\000\375\000\051}{}% 44
\BOOKMARK [2][-]{subsection.0.45}{\376\377\000B\000o\000t\000y\000\040\000p\000r\000o\000t\000i\000\040\000l\000\341\000s\000c\000e\000\040\000\050\000Y\000v\000o\000n\000e\000\040\000P\001\131\000e\000n\000o\000s\000i\000l\000o\000v\000\341\000\051}{}% 45
\BOOKMARK [2][-]{subsection.0.46}{\376\377\000B\000r\000a\000t\001\131\000\355\001\015\000k\000u\000,\000\040\000z\000a\000v\000\355\000r\000e\000j\000\040\000v\000r\000\341\000t\000k\000a\000\040\000\050\000K\000a\000r\000e\000l\000\040\000K\000r\000y\000l\000\051}{}% 46
\BOOKMARK [2][-]{subsection.0.47}{\376\377\000B\000r\000e\000j\000\040\000d\000e\000n\000\040\000\050\000K\000a\000r\000e\000l\000\040\000P\000l\000\355\000h\000a\000l\000\051}{}% 47
\BOOKMARK [2][-]{subsection.0.48}{\376\377\000B\000u\000c\000h\000e\000t\000\040\000j\000e\000\040\000s\000p\000o\000u\000s\000t\000a\000\040\000\050\000z\000\040\000f\000i\000l\000m\000u\000\040\000K\000o\000u\000z\000l\000a\000\040\000k\000r\000\341\000l\001\157\000\051}{}% 48
\BOOKMARK [2][-]{subsection.0.49}{\376\377\000B\000u\000d\000e\000\040\000m\000i\000\040\000l\000e\000h\000k\000\341\000\040\000z\000e\000m\000\040\000\050\000P\000e\000t\000r\000\040\000H\000a\000p\000k\000a\000\051}{}% 49
\BOOKMARK [2][-]{subsection.0.50}{\376\377\000B\000u\001\017\000\040\000a\000\040\000N\000e\000b\000e\000\040\000\050\000U\000D\000G\000\051}{}% 50
\BOOKMARK [2][-]{subsection.0.51}{\376\377\000B\001\157\000h\000\040\000v\000\040\000n\000\341\000s\000\040\000\050\000G\000i\000n\000e\000v\000r\000a\000\051}{}% 51
\BOOKMARK [2][-]{subsection.0.52}{\376\377\001\014\000a\000r\000o\000d\001\033\000j\000n\000i\000c\000e\000\040\000z\000\040\000A\000m\000e\000s\000b\000u\000r\000y\000\040\000\050\000A\000s\000o\000n\000a\000n\000c\000e\000\051}{}% 52
\BOOKMARK [2][-]{subsection.0.53}{\376\377\000C\000a\000r\000p\000e\000\040\000D\000i\000e\000m\000\040\000\050\000V\000l\000a\000s\000t\000a\000\040\000R\000e\000d\000l\000\051}{}% 53
\BOOKMARK [2][-]{subsection.0.54}{\376\377\000C\000a\000s\000t\000l\000e\000\040\000o\000n\000\040\000t\000h\000e\000\040\000h\000i\000l\000l\000\040\000\050\000E\000d\000\040\000S\000h\000e\000e\000r\000a\000n\000\051}{}% 54
\BOOKMARK [2][-]{subsection.0.55}{\376\377\001\014\000a\000s\000t\000u\001\141\000k\000y\000\040\000\050\000P\000o\000\040\000o\000b\001\033\000d\001\033\000\051}{}% 55
\BOOKMARK [2][-]{subsection.0.56}{\376\377\001\014\000e\000r\000n\000e\000j\000\040\000p\000a\000s\000a\001\176\000\351\000r\000\040\000\050\000T\000r\000a\000b\000a\000n\000d\000\051}{}% 56
\BOOKMARK [2][-]{subsection.0.57}{\376\377\001\014\000e\000r\000t\000\040\000v\000\355\000\040\000p\000r\000o\001\015\000\040\000\050\000Z\000u\000z\000a\000n\000a\000\040\000N\000a\000v\000a\000r\000o\000v\000\341\000\051}{}% 57
\BOOKMARK [2][-]{subsection.0.58}{\376\377\000C\000e\000s\000t\000a\000\040\000\050\000K\000r\000y\001\141\000t\000o\000f\000,\000\040\000T\000o\000m\000\341\001\141\000\040\000K\000l\000u\000s\000\051}{}% 58
\BOOKMARK [2][-]{subsection.0.59}{\376\377\000C\000e\000s\000t\000o\000u\000\040\000d\000o\000\040\000J\000e\000n\000k\000o\000v\000i\000c\000\040\000\050\000R\000a\000d\001\157\000z\000a\000\051}{}% 59
\BOOKMARK [2][-]{subsection.0.60}{\376\377\000C\000'\000e\000s\000t\000\040\000l\000a\000\040\000v\000i\000e\000\040\000\050\000K\000a\000r\000e\000l\000\040\000G\000o\000t\000t\000\051}{}% 60
\BOOKMARK [2][-]{subsection.0.61}{\376\377\000C\000h\000c\000i\000\040\000t\000a\000n\001\015\000i\000t\000\040\000\050\000M\000i\000r\000a\000i\000\051}{}% 61
\BOOKMARK [2][-]{subsection.0.62}{\376\377\000C\000h\000c\000i\000\040\000t\000i\000\040\001\131\000\355\000c\000t\000\040\000\050\000M\000I\000G\000\040\0002\0001\000\051}{}% 62
\BOOKMARK [2][-]{subsection.0.63}{\376\377\000C\000h\000c\000i\000\040\000z\000a\000s\000\040\000v\000\040\000t\000o\000b\001\033\000\040\000s\000p\000\341\000t\000\040\000\050\000L\000u\000c\000i\000e\000\051}{}% 63
\BOOKMARK [2][-]{subsection.0.64}{\376\377\000C\000h\000v\000\355\000l\000e\000\040\000\050\000H\000o\000p\000\040\000T\000r\000o\000p\000\051}{}% 64
\BOOKMARK [2][-]{subsection.0.65}{\376\377\001\014\000o\000k\000o\000l\000\341\000d\000a\000\040\000\050\000S\000t\000r\000a\001\141\000l\000i\000v\000\341\000\040\000P\000o\000d\000\355\000v\000a\000n\000\341\000\051}{}% 65
\BOOKMARK [2][-]{subsection.0.66}{\376\377\000C\000o\000l\000o\000r\000a\000d\000o\000\040\000\050\000K\000a\000b\000\341\000t\000\051}{}% 66
\BOOKMARK [2][-]{subsection.0.67}{\376\377\000C\000o\000\040\000k\000d\000y\001\176\000\040\000\050\000V\000l\000a\000s\000t\000a\000\040\000R\000e\000d\000l\000\051}{}% 67
\BOOKMARK [2][-]{subsection.0.68}{\376\377\001\014\000t\000y\001\131\000i\000\040\000s\000l\000u\000n\000c\000e\000\040\000\050\000V\000y\000p\000s\000a\000n\000\341\000\040\000F\000i\000x\000a\000\051}{}% 68
\BOOKMARK [2][-]{subsection.0.69}{\376\377\000C\000u\000d\000z\000i\000n\000k\000a\000\040\000v\000\040\000t\000v\000o\000j\000e\000j\000\040\000z\000e\000m\000i\000\040\000\050\000X\000i\000n\000d\000l\000\040\000X\000\051}{}% 69
\BOOKMARK [2][-]{subsection.0.70}{\376\377\000C\000u\000k\000r\000\341\001\131\000s\000k\000\341\000\040\000b\000o\000s\000s\000a\000n\000o\000v\000a\000\040\000\050\000K\000a\000r\000e\000l\000\040\000P\000l\000\355\000h\000a\000l\000\051}{}% 70
\BOOKMARK [2][-]{subsection.0.71}{\376\377\001\014\000u\000n\000d\000r\000\040\000\050\000Y\000e\000l\000l\000o\000w\000\040\000S\000i\000s\000t\000e\000r\000s\000\051}{}% 71
\BOOKMARK [2][-]{subsection.0.72}{\376\377\001\016\000\341\000b\000e\000l\000\040\000a\000\040\000s\000y\000n\000\040\000\050\000K\000a\000b\000\341\000t\000\051}{}% 72
\BOOKMARK [2][-]{subsection.0.73}{\376\377\001\016\000\341\000b\000l\000o\000v\000y\000\040\000n\000\341\000m\000l\000u\000v\000y\000\040\000\050\000A\000s\000o\000n\000a\000n\000c\000e\000\051}{}% 73
\BOOKMARK [2][-]{subsection.0.74}{\376\377\000D\000a\000j\000\341\000n\000a\000\040\000\050\000P\000a\000u\000l\000\040\000A\000n\000k\000a\000\040\000/\000\040\000Z\000.\000\040\000B\000o\000r\000o\000v\000e\000c\000\051}{}% 74
\BOOKMARK [2][-]{subsection.0.75}{\376\377\000D\000a\000n\000s\000e\000\040\000m\000a\000c\000a\000b\000r\000e\000\040\000\050\000J\000a\000r\000o\000m\000\355\000r\000\040\000N\000o\000h\000a\000v\000i\000c\000a\000\051}{}% 75
\BOOKMARK [2][-]{subsection.0.76}{\376\377\000D\000a\000r\000m\000o\000d\001\033\000j\000\040\000\050\000J\000a\000r\000o\000m\000\355\000r\000\040\000N\000o\000h\000a\000v\000i\000c\000a\000\051}{}% 76
\BOOKMARK [2][-]{subsection.0.77}{\376\377\000D\000\341\000v\000n\000o\000\040\000\050\000D\000i\000v\000o\000k\000e\000j\000\040\000B\000i\000l\000l\000\051}{}% 77
\BOOKMARK [2][-]{subsection.0.78}{\376\377\000D\000e\000j\000\040\000m\000i\000\040\000v\000\355\000c\000\040\000s\000v\000\351\000\040\000l\000\341\000s\000k\000y\000\040\000\050\000O\000l\000y\000m\000p\000i\000c\000\051}{}% 78
\BOOKMARK [2][-]{subsection.0.79}{\376\377\000D\001\033\000k\000u\000j\000i\000\040\000\050\000K\000a\000r\000e\000l\000\040\000K\000r\000y\000l\000\051}{}% 79
\BOOKMARK [2][-]{subsection.0.80}{\376\377\000D\000e\000m\000o\000n\000s\000\040\000\050\000I\000m\000a\000g\000i\000n\000e\000\040\000d\000r\000a\000g\000o\000n\000s\000\051}{}% 80
\BOOKMARK [2][-]{subsection.0.81}{\376\377\000D\000e\000s\000a\000t\000e\000r\000o\000\040\000\050\000K\000a\000m\000i\000l\000\040\000N\000e\001\141\000e\000t\001\131\000i\000l\000\051}{}% 81
\BOOKMARK [2][-]{subsection.0.82}{\376\377\000D\000e\000z\000o\000l\000\341\000t\000\040\000\050\000V\000y\000p\000s\000a\000n\000\341\000\040\000F\000i\000x\000a\000\051}{}% 82
\BOOKMARK [2][-]{subsection.0.83}{\376\377\000D\000e\000\040\000N\000i\000m\000e\000s\000\040\000\050\000R\000a\000d\001\157\000z\000a\000\051}{}% 83
\BOOKMARK [2][-]{subsection.0.84}{\376\377\000D\000i\000g\000a\000\040\000d\000i\000g\000a\000\040\000d\000o\000u\000\040\000\050\000K\000a\000r\000e\000l\000\040\000P\000l\000\355\000h\000a\000l\000\051}{}% 84
\BOOKMARK [2][-]{subsection.0.85}{\376\377\000D\000i\000v\000o\000k\000e\000j\000\040\000h\000o\000r\000s\000k\000e\000j\000\040\000t\000y\000m\000i\000\341\000n\000\040\000\050\000P\000a\000v\000e\000l\000\040\001\175\000a\000l\000m\000a\000n\000\040\000L\000o\000h\000o\000n\000k\000a\000\051}{}% 85
\BOOKMARK [2][-]{subsection.0.86}{\376\377\000D\000i\000v\000o\000k\000e\000j\000\040\000h\000o\000r\000s\000k\000e\000j\000\040\000t\000y\000m\000i\000\341\000n\000\040\000\050\000s\000k\000o\000t\000s\000k\000\341\000\040\000/\000\040\000P\000a\000v\000e\000l\000\040\001\175\000a\000l\000m\000a\000n\000\040\000L\000o\000h\000o\000n\000k\000a\000\051}{}% 86
\BOOKMARK [2][-]{subsection.0.87}{\376\377\000D\000l\000a\001\176\000e\000b\000n\000\355\000\040\000k\000o\000s\000t\000k\000a\000\040\000\050\000B\000r\000u\000t\000u\000s\000\051}{}% 87
\BOOKMARK [2][-]{subsection.0.88}{\376\377\000D\000l\000o\000u\000h\000e\000j\000\040\000k\000o\000u\001\131\000\040\000\050\000C\000h\000i\000n\000a\000s\000k\000i\000\051}{}% 88
\BOOKMARK [2][-]{subsection.0.89}{\376\377\000D\000o\000b\000r\000\341\000k\000\040\000o\000d\000\040\000k\000o\000s\000t\000i\000\040\000\050\000C\000h\000i\000n\000a\000s\000k\000i\000\051}{}% 89
\BOOKMARK [2][-]{subsection.0.90}{\376\377\000D\000o\000b\000r\000e\000j\000\040\000v\000\355\000t\000r\000\040\000\050\000H\000o\000p\000\040\000T\000r\000o\000p\000\051}{}% 90
\BOOKMARK [2][-]{subsection.0.91}{\376\377\000D\000o\000b\000r\000\375\000\040\000k\000a\000f\000e\000\040\000\050\000L\000u\000c\000i\000e\000\040\000B\000\355\000l\000\341\000/\000P\000o\000k\000\341\001\015\000\051}{}% 91
\BOOKMARK [2][-]{subsection.0.92}{\376\377\000D\000o\000k\000u\000d\000\040\000s\000e\000\040\000z\000p\000\355\000v\000\341\000\040\000\050\000J\000a\000r\000o\000m\000\355\000r\000\040\000N\000o\000h\000a\000v\000i\000c\000a\000\051}{}% 92
\BOOKMARK [2][-]{subsection.0.93}{\376\377\000D\000o\000m\001\157\000\040\000\050\000J\000e\000l\000e\000n\000\051}{}% 93
\BOOKMARK [2][-]{subsection.0.94}{\376\377\000D\000o\000n\000'\000t\000\040\000T\000h\000i\000n\000k\000\040\000T\000w\000i\000c\000e\000,\000\040\000I\000t\000'\000s\000\040\000A\000l\000l\000\040\000R\000i\000g\000h\000t\000\040\000\050\000B\000o\000b\000\040\000D\000y\000l\000a\000n\000\051}{}% 94
\BOOKMARK [2][-]{subsection.0.95}{\376\377\000D\000o\000p\000i\000s\000\040\000\050\000K\000a\000r\000e\000l\000\040\000P\000l\000\355\000h\000a\000l\000\051}{}% 95
\BOOKMARK [2][-]{subsection.0.96}{\376\377\000D\001\131\000e\000v\000o\000\040\000\050\000X\000i\000n\000d\000l\000\040\000X\000\051}{}% 96
\BOOKMARK [2][-]{subsection.0.97}{\376\377\000D\000r\000n\000o\000v\000\341\000\040\000c\000h\000a\000j\000d\000a\000\040\000\050\000G\000r\000e\000e\000n\000h\000o\000r\000n\000s\000\051}{}% 97
\BOOKMARK [2][-]{subsection.0.98}{\376\377\000D\000r\000u\000n\000k\000e\000n\000\040\000S\000a\000i\000l\000o\000r\000\040\000\050\000A\000n\000g\000l\000i\000c\000k\000\341\000\040\000n\000\341\000m\000o\001\131\000n\000i\000c\000k\000\341\000\051}{}% 98
\BOOKMARK [2][-]{subsection.0.99}{\376\377\000D\001\157\000m\000\040\000u\000\040\000v\000y\000c\000h\000\341\000z\000e\000j\000\355\000c\000\355\000h\000o\000\040\000s\000l\000u\000n\000c\000e\000\040\000\050\000t\000r\000a\000d\000i\000t\000i\000o\000n\000a\000l\000\040\000/\000\040\000Z\000.\000\040\000B\000o\000r\000o\000v\000e\000c\000\051}{}% 99
\BOOKMARK [2][-]{subsection.0.100}{\376\377\000D\000v\000a\000\040\000h\000a\000v\000r\000a\000n\000i\000\040\000\050\000A\000s\000o\000n\000a\000n\000c\000e\000\051}{}% 100
\BOOKMARK [2][-]{subsection.0.101}{\376\377\000D\000v\001\033\000\040\000s\000p\000\341\000l\000e\000n\000\375\000\040\000s\000r\000d\000c\000e\000\040\000\050\000K\000a\000r\000e\000l\000\040\000P\000l\000\355\000h\000a\000l\000\051}{}% 101
\BOOKMARK [2][-]{subsection.0.102}{\376\377\000E\000k\000o\000s\000o\000n\000g\000\040\000\050\000V\000o\000x\000e\000l\000\040\000f\000e\000a\000t\000\040\000P\000o\000k\000\341\001\015\000\051}{}% 102
\BOOKMARK [2][-]{subsection.0.103}{\376\377\000E\000l\000d\000o\000r\000\341\000d\000o\000\040\000\050\000W\000a\000l\000d\000e\000m\000a\000r\000d\000\040\000M\000a\000t\000u\001\141\000k\000a\000\051}{}% 103
\BOOKMARK [2][-]{subsection.0.104}{\376\377\000E\001\141\000t\001\033\000\040\000s\000i\000\040\000j\000\341\000\040\000\050\000l\000i\000d\000o\000v\000\341\000\051}{}% 104
\BOOKMARK [2][-]{subsection.0.105}{\376\377\000E\001\141\000t\001\033\000\040\000s\000o\000m\000\040\000s\000a\000\040\000n\000e\000o\001\176\000e\000n\000i\000l\000\040\000\050\000l\000i\000d\000o\000v\000\341\000\051}{}% 105
\BOOKMARK [2][-]{subsection.0.106}{\376\377\000F\000a\000l\000l\000i\000n\000g\000\040\000S\000l\000o\000w\000l\000y\000\040\000\050\000G\000l\000e\000n\000\040\000H\000a\000n\000s\000a\000r\000d\000\051}{}% 106
\BOOKMARK [2][-]{subsection.0.107}{\376\377\000F\000r\000a\000n\000k\000y\000\040\000d\000l\000o\000u\000h\000\341\000n\000\040\000\050\000B\000r\000o\000n\000t\000o\000s\000a\000u\001\131\000i\000\051}{}% 107
\BOOKMARK [2][-]{subsection.0.108}{\376\377\000G\000a\000s\000t\000r\000o\000s\000e\000x\000u\000\341\000l\000\040\000\050\000W\000o\000h\000n\000o\000u\000t\000\051}{}% 108
\BOOKMARK [2][-]{subsection.0.109}{\376\377\000G\000o\000r\000a\000l\000e\000\040\000\050\000s\000l\000e\000z\000s\000k\000\341\000\040\000/\000\040\001\014\000e\000c\000h\000o\000m\000o\000r\000\051}{}% 109
\BOOKMARK [2][-]{subsection.0.110}{\376\377\000G\000r\000\363\000n\000s\000k\000\341\000\040\000p\000\355\000s\000n\000i\001\015\000k\000a\000\040\000\050\000J\000a\000r\000o\000m\000\355\000r\000\040\000N\000o\000h\000a\000v\000i\000c\000a\000\051}{}% 110
\BOOKMARK [2][-]{subsection.0.111}{\376\377\000H\000\341\000d\000e\000j\000\040\000\050\000O\000n\000d\001\131\000e\000j\000\040\000R\000u\000m\000l\000\051}{}% 111
\BOOKMARK [2][-]{subsection.0.112}{\376\377\000H\000a\000j\000n\000\375\000\040\000j\000e\000\040\000l\000e\000s\000a\000\040\000p\000\341\000n\000\040\000\050\000Z\000d\000e\000n\001\033\000k\000\040\000S\000v\001\033\000r\000\341\000k\000,\000\040\000J\000a\000n\000\040\000U\000h\000l\000\355\001\131\000\051}{}% 112
\BOOKMARK [2][-]{subsection.0.113}{\376\377\000H\000a\000l\000e\000l\000u\000j\000a\000,\000\040\000s\000l\000\341\000v\000a\000\040\000\050\000K\000a\000r\000e\000l\000\040\001\130\000e\001\176\000\341\000b\000e\000k\000\051}{}% 113
\BOOKMARK [2][-]{subsection.0.114}{\376\377\000H\000a\000l\000l\000e\000l\000u\000j\000a\000h\000\040\000\050\000L\000e\000o\000n\000a\000r\000d\000\040\000C\000o\000h\000e\000n\000\051}{}% 114
\BOOKMARK [2][-]{subsection.0.115}{\376\377\000H\000a\000n\000g\000i\000n\000g\000\040\000t\000r\000e\000e\000\040\000\050\000J\000a\000m\000e\000s\000\040\000N\000e\000w\000t\000o\000n\000\040\000H\000o\000w\000a\000r\000d\000\051}{}% 115
\BOOKMARK [2][-]{subsection.0.116}{\376\377\000H\000e\000j\000k\000a\000l\000\040\000\050\000W\000a\000b\000i\000\040\000D\000a\000n\001\033\000k\000\051}{}% 116
\BOOKMARK [2][-]{subsection.0.117}{\376\377\000H\000e\000y\000\040\000J\000u\000d\000e\000\040\000\050\000T\000h\000e\000\040\000B\000e\000a\000t\000l\000e\000s\000\051}{}% 117
\BOOKMARK [2][-]{subsection.0.118}{\376\377\000H\000e\000j\000n\000a\000\040\000v\001\015\000e\000l\000\040\000\050\000B\000r\000o\000n\000t\000o\000s\000a\000u\001\131\000i\000\051}{}% 118
\BOOKMARK [2][-]{subsection.0.119}{\376\377\000H\000e\000j\000n\000o\000\040\000v\000r\000a\000n\000\040\000\050\000R\000y\000v\000o\000l\000o\000v\000\351\000\051}{}% 119
\BOOKMARK [2][-]{subsection.0.120}{\376\377\000H\000e\000j\000\040\000s\000o\000k\000o\001\102\000y\000\040\000\050\000p\000o\000l\000s\000k\000o\000-\000u\000k\000r\000a\000j\000i\000n\000s\000k\000\341\000\040\000l\000i\000d\000o\000v\000\341\000\051}{}% 120
\BOOKMARK [2][-]{subsection.0.121}{\376\377\000H\000e\000j\000\040\000t\000e\000t\000o\000\040\000\050\000M\000i\000c\000h\000a\000l\000\040\000H\000o\000r\000\341\000k\000\051}{}% 121
\BOOKMARK [2][-]{subsection.0.122}{\376\377\000H\000e\000l\000l\000o\000\040\000\050\000A\000d\000e\000l\000e\000\051}{}% 122
\BOOKMARK [2][-]{subsection.0.123}{\376\377\000H\000l\000a\000v\000n\001\033\000\040\001\176\000e\000\040\000j\000s\000m\000e\000\040\000n\000a\000\040\000v\000z\000d\000u\000c\000h\000u\000\040\000\050\000Z\000.\000\040\000S\000V\001\033\000r\000\341\000k\000,\000\040\000J\000.\000\040\000U\000h\000l\000\355\001\131\000\051}{}% 123
\BOOKMARK [2][-]{subsection.0.124}{\376\377\000H\000n\000e\000d\000\040\000t\000e\001\017\000\040\000\050\000K\000r\000y\001\141\000t\000o\000f\000\051}{}% 124
\BOOKMARK [2][-]{subsection.0.125}{\376\377\000H\000o\000d\000e\000n\000\040\000j\000s\000i\000\040\000\050\000K\000o\000m\000u\000n\000i\000t\000a\000\040\000C\000h\000e\000m\000i\000n\000\040\000N\000e\000u\000f\000\051}{}% 125
\BOOKMARK [2][-]{subsection.0.126}{\376\377\000H\000o\000d\000i\000n\000o\000v\000\375\000\040\000h\000o\000t\000e\000l\000\040\000\050\000M\001\110\000\341\000g\000a\000\040\000a\000\040\001\175\001\017\000o\000r\000p\000\051}{}% 126
\BOOKMARK [2][-]{subsection.0.127}{\376\377\000H\000o\000j\000a\000\040\000H\000o\000j\000\040\000\050\000K\000a\000r\000e\000l\000\040\000S\000v\000o\000b\000o\000d\000a\000\051}{}% 127
\BOOKMARK [2][-]{subsection.0.128}{\376\377\000H\000o\000l\000k\000a\000\040\000n\000e\000b\000o\000\040\000k\000l\000u\000k\000\040\000\050\000T\000a\000j\000e\000m\000s\000t\000v\000\355\000\040\000s\000t\000a\000r\000\351\000\040\000b\000a\000m\000b\000i\000t\000k\000y\000\051}{}% 128
\BOOKMARK [2][-]{subsection.0.129}{\376\377\000H\000o\000l\000u\000b\000\355\000\040\000d\001\157\000m\000\040\000\050\000J\000i\001\131\000\355\000\040\000S\000c\000h\000e\000l\000i\000n\000g\000e\000r\000\051}{}% 129
\BOOKMARK [2][-]{subsection.0.130}{\376\377\000H\000o\001\131\000k\000o\000s\000l\000a\000d\000k\000\341\000\040\000k\000o\000m\000e\000d\000i\000e\000\040\000\050\000P\000o\000k\000\341\001\015\000\051}{}% 130
\BOOKMARK [2][-]{subsection.0.131}{\376\377\000H\000o\000u\000b\000y\000\040\000m\000a\000g\000i\000c\000k\000\375\000\040\000\050\000K\000a\000b\000\341\000t\000\051}{}% 131
\BOOKMARK [2][-]{subsection.0.132}{\376\377\000H\000o\000u\000s\000e\000\040\000o\000f\000\040\000G\000o\000l\000d\000\040\000\050\000T\000w\000e\000n\000t\000y\000\040\000O\000n\000e\000\040\000P\000i\000l\000o\000t\000s\000\051}{}% 132
\BOOKMARK [2][-]{subsection.0.133}{\376\377\000H\000o\000w\000\040\000f\000a\000r\000\040\000I\000'\000l\000l\000\040\000g\000o\000\040\000\050\000A\000l\000e\000s\000s\000i\000a\000\040\000C\000a\000r\000a\000\051}{}% 133
\BOOKMARK [2][-]{subsection.0.134}{\376\377\000H\000o\000\040\000h\000o\000\040\000W\000a\000t\000a\000n\000a\000y\000\040\000\050\000i\000n\000d\000i\000\341\000n\000s\000k\000\341\000\040\000/\000\040\000P\000a\000v\000e\000l\000\040\001\175\000a\000l\000m\000a\000n\000\040\000L\000o\000h\000o\000n\000k\000a\000\051}{}% 134
\BOOKMARK [2][-]{subsection.0.135}{\376\377\000H\000o\000\040\000h\000o\000\040\000W\000a\000t\000a\000n\000a\000y\000\040\000\050\000P\000a\000v\000e\000l\000\040\000L\000o\000h\000o\000n\000k\000a\000\040\001\175\000a\000l\000m\000a\000n\000\051}{}% 135
\BOOKMARK [2][-]{subsection.0.136}{\376\377\000H\000r\000o\000b\000a\001\131\000\040\000\050\000P\000r\000e\000m\000i\000\351\000r\000\051}{}% 136
\BOOKMARK [2][-]{subsection.0.137}{\376\377\000H\000r\000u\001\141\000k\000a\000\040\000\050\001\014\000e\000c\000h\000o\000m\000o\000r\000\051}{}% 137
\BOOKMARK [2][-]{subsection.0.138}{\376\377\000H\000u\000d\000s\000o\000n\000s\000k\000\375\000\040\001\141\000\355\000f\000y\000\040\000\050\000W\000a\000b\000i\000\040\000D\000a\000n\001\033\000k\000\051}{}% 138
\BOOKMARK [2][-]{subsection.0.139}{\376\377\000H\000v\001\033\000z\000d\000\341\001\131\000\040\000\050\000U\000D\000G\000\051}{}% 139
\BOOKMARK [2][-]{subsection.0.140}{\376\377\000H\000v\001\033\000z\000d\000a\000\040\000n\000a\000\040\000v\000r\000b\001\033\000\040\000\050\000O\000l\000y\000m\000p\000i\000c\000\051}{}% 140
\BOOKMARK [2][-]{subsection.0.141}{\376\377\000H\000y\000m\000n\000a\000\040\000s\000v\001\033\000t\000l\000u\001\141\000e\000k\000\040\000\050\000V\000o\000j\000t\001\033\000c\000h\000\040\000B\000e\000i\000l\000\051}{}% 141
\BOOKMARK [2][-]{subsection.0.142}{\376\377\000I\000g\000o\000r\000\040\000p\000e\000l\000e\000c\000h\000\040\000\050\000Z\000r\000n\000\355\000\051}{}% 142
\BOOKMARK [2][-]{subsection.0.143}{\376\377\000I\000k\000a\000r\000u\000s\000\040\000\050\000J\000a\000r\000o\000m\000\355\000r\000\040\000N\000o\000h\000a\000v\000i\000c\000a\000\051}{}% 143
\BOOKMARK [2][-]{subsection.0.144}{\376\377\000I\000s\000l\000a\000n\000d\000\040\000\050\000W\000a\000b\000i\000\040\000R\000y\000v\000o\000l\000a\000\051}{}% 144
\BOOKMARK [2][-]{subsection.0.145}{\376\377\000I\000\040\000c\000e\000s\000t\000a\000\040\000m\001\157\001\176\000e\000\040\000b\000\375\000t\000\040\000c\000\355\000l\000\040\000\050\000M\001\110\000\341\000g\000a\000\040\000a\000\040\001\175\001\017\000o\000r\000p\000\051}{}% 145
\BOOKMARK [2][-]{subsection.0.146}{\376\377\000J\000a\000b\000l\000o\000n\001\033\000\040\000\050\000Z\000r\000n\000\355\000\051}{}% 146
\BOOKMARK [2][-]{subsection.0.147}{\376\377\000J\000a\000r\000n\000\355\000\040\000t\000\341\000n\000\355\000\040\000\050\000B\000r\000o\000n\000t\000o\000s\000a\000u\001\131\000i\000\051}{}% 147
\BOOKMARK [2][-]{subsection.0.148}{\376\377\000J\000a\000r\000o\000\040\000\050\000F\000e\001\141\000\341\000c\000i\000\051}{}% 148
\BOOKMARK [2][-]{subsection.0.149}{\376\377\000J\000a\000r\000o\000\040\000\050\000P\000r\000i\000e\000s\000s\000n\000i\000t\000z\000\051}{}% 149
\BOOKMARK [2][-]{subsection.0.150}{\376\377\000J\000a\000s\000n\000\341\000\040\000z\000p\000r\000\341\000v\000a\000\040\000\050\000O\000l\000y\000m\000p\000i\000c\000\051}{}% 150
\BOOKMARK [2][-]{subsection.0.151}{\376\377\000J\000a\000v\000o\000r\000\040\000\050\000N\000e\000r\000e\000z\000\051}{}% 151
\BOOKMARK [2][-]{subsection.0.152}{\376\377\000J\000\341\000\040\000a\000\040\001\017\000\341\000b\000e\000l\000\040\000\050\000X\000i\000n\000d\000l\000\040\000X\000\051}{}% 152
\BOOKMARK [2][-]{subsection.0.153}{\376\377\000J\000\341\000\040\000b\000u\000d\000u\000\040\000c\000h\000o\000d\000i\000t\000\040\000p\000o\000\040\001\141\000p\000i\001\015\000k\000\341\000c\000h\000\040\000\050\000P\000e\000t\000r\000\040\000N\000o\000v\000\341\000k\000\051}{}% 153
\BOOKMARK [2][-]{subsection.0.154}{\376\377\000J\000\341\000\040\000c\000h\000c\000i\000\040\000p\000o\000e\000z\000i\000i\000\040\000\050\000J\000a\000r\000o\000m\000\355\000r\000\040\000N\000o\000h\000a\000v\000i\000c\000a\000\051}{}% 154
\BOOKMARK [2][-]{subsection.0.155}{\376\377\000J\000\341\000\040\000n\000a\000\040\000t\000o\000m\000\040\000d\001\033\000l\000\341\000m\000\040\000\050\000B\000r\000a\000t\001\131\000i\000\040\000E\000b\000e\000n\000o\000v\000\351\000\051}{}% 155
\BOOKMARK [2][-]{subsection.0.156}{\376\377\000J\000\341\000,\000\040\000p\000\355\000s\000n\000i\001\015\000k\000a\000\040\000\050\000P\000a\000v\000l\000\355\000n\000a\000\040\000J\000\355\001\141\000o\000v\000\341\000\051}{}% 156
\BOOKMARK [2][-]{subsection.0.157}{\376\377\000J\000\341\000\040\000s\000\040\000t\000e\000b\000o\000u\000\040\001\176\000\355\000t\000\040\000n\000e\000b\000u\000d\000u\000\040\000\050\000N\000e\000r\000e\000z\000\051}{}% 157
\BOOKMARK [2][-]{subsection.0.158}{\376\377\000J\000d\000e\000m\000\040\000z\000p\000\341\000t\000k\000y\000\040\000d\000o\000\040\000l\000e\000s\001\157\000\040\000\050\000P\000a\000v\000e\000l\000\040\001\175\000a\000l\000m\000a\000n\000\040\000L\000o\000h\000o\000n\000k\000a\000\051}{}% 158
\BOOKMARK [2][-]{subsection.0.159}{\376\377\000J\000d\000i\000\040\000z\000a\000\040\001\141\000t\001\033\000s\000t\000\355\000m\000\040\000\050\000K\000a\000r\000e\000l\000\040\000G\000o\000t\000t\000\051}{}% 159
\BOOKMARK [2][-]{subsection.0.160}{\376\377\000J\000d\000o\000u\000\040\000p\000o\000\040\000m\001\033\000\040\000j\000d\000o\000u\000\040\000\050\000J\000a\000r\000o\000m\000\355\000r\000\040\000N\000o\000h\000a\000v\000i\000c\000a\000\051}{}% 160
\BOOKMARK [2][-]{subsection.0.161}{\376\377\000J\000e\000d\000n\000o\000d\000u\000c\000h\000\341\000\040\000\050\000T\000o\000m\000\341\001\141\000\040\000K\000l\000u\000s\000\051}{}% 161
\BOOKMARK [2][-]{subsection.0.162}{\376\377\000J\000e\000d\000n\000o\000u\000\040\000\050\000V\000o\000x\000e\000l\000\051}{}% 162
\BOOKMARK [2][-]{subsection.0.163}{\376\377\000J\000e\000d\000n\000o\000u\000\040\000m\000i\000\040\000f\000o\000t\000r\000\040\000p\000o\000v\000\355\000d\000\341\000\040\000\050\000I\000v\000a\000n\000\040\000H\000l\000a\000s\000\051}{}% 163
\BOOKMARK [2][-]{subsection.0.164}{\376\377\000J\000e\000l\000e\000n\000\040\000\050\000J\000e\000l\000e\000n\000\051}{}% 164
\BOOKMARK [2][-]{subsection.0.165}{\376\377\000J\000e\000r\000i\000c\000h\000o\000\040\000\050\000D\000a\000v\000i\000d\000\040\000S\000t\000y\000p\000k\000a\000\051}{}% 165
\BOOKMARK [2][-]{subsection.0.166}{\376\377\000J\000e\000s\000s\000e\000\040\000J\000a\000m\000e\000s\000\040\000\050\000G\000r\000e\000e\000n\000h\000o\000r\000n\000s\000\051}{}% 166
\BOOKMARK [2][-]{subsection.0.167}{\376\377\000J\000e\001\141\000t\001\033\000\040\000j\000e\000d\000n\000o\000\040\000k\000a\000f\000e\000\040\000\050\000D\000r\000u\000h\000\341\000\040\000T\000r\000\341\000v\000a\000\051}{}% 167
\BOOKMARK [2][-]{subsection.0.168}{\376\377\000J\000e\001\141\000t\001\033\000\040\000j\000e\000d\000n\000u\000\040\000n\000o\000c\000\040\000\050\000J\000e\000l\000e\000n\000\051}{}% 168
\BOOKMARK [2][-]{subsection.0.169}{\376\377\000J\000e\001\141\000t\001\033\000\040\000m\000i\000\040\000c\000h\000v\000i\000l\000k\000u\000\040\000z\000p\000\355\000v\000e\000j\000\040\000\050\000V\000l\000a\000s\000t\000a\000\040\000R\000e\000d\000l\000\051}{}% 169
\BOOKMARK [2][-]{subsection.0.170}{\376\377\000J\000e\001\141\000t\001\033\000\040\000m\000i\000\040\000s\000c\000h\000\341\000z\000\355\001\141\000\040\000\050\000J\000a\000r\000o\000m\000\355\000r\000\040\000N\000o\000h\000a\000v\000i\000c\000a\000\051}{}% 170
\BOOKMARK [2][-]{subsection.0.171}{\376\377\000J\000e\001\176\000\355\001\141\000e\000k\000\040\000\050\000J\000a\000r\000o\000m\000\355\000r\000\040\000N\000o\000h\000a\000v\000i\000c\000a\000\051}{}% 171
\BOOKMARK [2][-]{subsection.0.172}{\376\377\000J\000e\000\040\000t\000o\000\040\000t\000a\000k\000\040\000\050\000M\000i\000c\000h\000a\000l\000\040\000H\000o\000r\000\341\000k\000\051}{}% 172
\BOOKMARK [2][-]{subsection.0.173}{\376\377\000J\000i\000d\000\341\001\141\000\040\000\050\000K\000a\000r\000e\000l\000\040\000K\000r\000y\000l\000\051}{}% 173
\BOOKMARK [2][-]{subsection.0.174}{\376\377\000J\000\363\000\040\000t\001\131\000e\001\141\000n\001\033\000\040\000z\000r\000\341\000l\000y\000\040\000\050\000W\000a\000l\000d\000e\000m\000a\000r\000\040\000M\000a\000t\000u\001\141\000k\000a\000\051}{}% 174
\BOOKMARK [2][-]{subsection.0.175}{\376\377\000J\000o\000h\000a\000n\000k\000a\000\040\000\050\000J\000a\000n\000\040\000N\000e\000d\000v\001\033\000d\000\051}{}% 175
\BOOKMARK [2][-]{subsection.0.176}{\376\377\000J\000o\000h\000n\000\040\000B\000r\000o\000w\000n\000\040\000\050\000t\000r\000a\000d\000i\000t\000i\000o\000n\000a\000l\000\040\000/\000\040\000E\000.\000\040\000K\000n\000o\000s\000\051}{}% 176
\BOOKMARK [2][-]{subsection.0.177}{\376\377\000J\000o\001\176\000i\000n\000\040\000z\000\040\000b\000a\001\176\000i\000n\000\040\000\050\000I\000v\000a\000n\000\040\000M\000l\000\341\000d\000e\000k\000\051}{}% 177
\BOOKMARK [2][-]{subsection.0.178}{\376\377\000K\000a\000r\000a\000v\000a\000n\000a\000\040\000m\000r\000a\000k\001\157\000\040\000\050\000K\000a\000r\000e\000l\000\040\000K\000r\000y\000l\000\051}{}% 178
\BOOKMARK [2][-]{subsection.0.179}{\376\377\000K\000a\000r\000n\000e\000v\000a\000l\000\040\000\050\000K\000l\000\355\001\015\000\051}{}% 179
\BOOKMARK [2][-]{subsection.0.180}{\376\377\000K\000a\000u\000b\000o\000j\001\157\000v\000\040\000n\000\341\001\131\000e\000k\000\040\000\050\000a\000m\000e\000r\000i\000c\000k\000\341\000\040\000/\000\040\000S\000p\000i\000r\000i\000t\000u\000\341\000l\000\040\000K\000v\000i\000n\000t\000e\000t\000\051}{}% 180
\BOOKMARK [2][-]{subsection.0.181}{\376\377\000K\000a\001\176\000d\000\351\000\040\000r\000\341\000n\000o\000\040\000\050\000K\000a\000r\000e\000l\000\040\000P\000l\000\355\000h\000a\000l\000\051}{}% 181
\BOOKMARK [2][-]{subsection.0.182}{\376\377\000K\000a\001\176\000d\000\375\000\040\000r\000\341\000n\000o\000\040\000\050\000C\000h\000i\000n\000a\000s\000k\000i\000\051}{}% 182
\BOOKMARK [2][-]{subsection.0.183}{\376\377\000K\000d\000o\000\040\000n\000a\000\040\000m\000o\000j\000e\000\040\000m\000\355\000s\000t\000o\000\040\000\050\000J\000a\000r\000o\000m\000\355\000r\000\040\000N\000o\000h\000a\000v\000i\000c\000a\000\051}{}% 183
\BOOKMARK [2][-]{subsection.0.184}{\376\377\000K\000d\000y\000b\000y\000\040\000n\000\341\000m\000\040\000v\000\040\000k\000o\000m\000n\000a\000t\000\341\000c\000h\000\040\000\050\000J\000a\000r\000o\000s\000l\000a\000v\000\040\000U\000h\000l\000\355\001\131\000,\000\040\000Z\000d\000e\000n\001\033\000k\000\040\000S\000v\001\033\000r\000\341\000k\000\051}{}% 184
\BOOKMARK [2][-]{subsection.0.185}{\376\377\000K\000d\000y\000b\000y\000\040\000t\000a\000d\000y\000\040\000b\000y\000l\000a\000\040\000t\000a\000k\000o\000v\000\341\000\040\000p\000a\000n\000e\000n\000k\000a\000\040\000\050\000l\000i\000d\000o\000v\000\341\000\051}{}% 185
\BOOKMARK [2][-]{subsection.0.186}{\376\377\000K\000d\000y\001\176\000\040\000m\001\033\000\040\000b\000r\000a\000l\000i\000\040\000z\000a\000\040\000v\000o\000j\000\341\000k\000a\000\040\000\050\000J\000a\000r\000o\000m\000\355\000r\000\040\000N\000o\000h\000a\000v\000i\000c\000a\000\051}{}% 186
\BOOKMARK [2][-]{subsection.0.187}{\376\377\000K\000d\000y\001\176\000\040\000n\000e\000m\001\157\001\176\000e\001\141\000,\000\040\000t\000a\000k\000\040\000p\001\131\000i\000d\000e\000j\000\040\000\050\000M\000i\000r\000a\000i\000\051}{}% 187
\BOOKMARK [2][-]{subsection.0.188}{\376\377\000K\000d\000y\001\176\000\040\000p\001\131\000i\000j\000d\000o\000u\000\040\000c\000h\000v\000\355\000l\000e\000\040\000\050\000M\000*\000A\000*\000S\000*\000H\000\051}{}% 188
\BOOKMARK [2][-]{subsection.0.189}{\376\377\000K\000d\000y\001\176\000\040\000s\000i\000\040\000t\001\033\000\040\000d\000\355\000v\000k\000o\000\040\000p\001\131\000e\000d\000s\000t\000a\000v\000\355\000m\000\040\000\050\000T\000o\000m\000\341\001\141\000\040\000K\000l\000u\000s\000\051}{}% 189
\BOOKMARK [2][-]{subsection.0.190}{\376\377\000K\000d\000y\000\040\000v\000z\000l\000\351\000t\000n\000u\000\040\000j\000\341\000\040\000\050\000R\000e\000b\000e\000l\000k\000a\000\051\000\040\000\050\000L\000u\000c\000i\000e\000\040\000V\000o\000n\000d\000r\000\341\001\015\000k\000o\000v\000\341\000\051}{}% 190
\BOOKMARK [2][-]{subsection.0.191}{\376\377\000K\000l\000\341\000d\000a\000\040\000\050\000H\000o\000p\000\040\000T\000r\000o\000p\000\051}{}% 191
\BOOKMARK [2][-]{subsection.0.192}{\376\377\000K\000l\000a\000d\000i\000v\000o\000\040\000\050\000W\000a\000l\000d\000e\000m\000a\000r\000\040\000M\000a\000t\000u\001\141\000k\000a\000\051}{}% 192
\BOOKMARK [2][-]{subsection.0.193}{\376\377\000K\000l\000\341\000r\000a\000\040\000\050\000C\000h\000i\000n\000a\000s\000k\000i\000\051}{}% 193
\BOOKMARK [2][-]{subsection.0.194}{\376\377\000K\000l\000i\000d\000n\000\341\000\040\000j\000a\000k\000o\000\040\000v\000o\000d\000a\000\040\000\050\000J\000e\000l\000e\000n\000\051}{}% 194
\BOOKMARK [2][-]{subsection.0.195}{\376\377\000K\000l\000u\000k\000e\000m\000\040\000b\000\375\000t\000\040\000\050\000t\000\341\000b\000o\000r\000o\000v\000\341\000\051}{}% 195
\BOOKMARK [2][-]{subsection.0.196}{\376\377\000K\000l\000u\000z\000i\001\141\000t\001\033\000\040\000\050\000K\000a\000r\000e\000l\000\040\000P\000l\000\355\000h\000a\000l\000\051}{}% 196
\BOOKMARK [2][-]{subsection.0.197}{\376\377\000K\000n\000o\000c\000k\000i\000n\000'\000\040\000o\000n\000\040\000H\000e\000a\000v\000e\000n\000'\000s\000\040\000D\000o\000o\000r\000\040\000\050\000B\000o\000b\000\040\000D\000y\000l\000a\000n\000\051}{}% 197
\BOOKMARK [2][-]{subsection.0.198}{\376\377\000K\000o\001\015\000o\000v\000n\000\355\000\040\000h\000e\000r\000c\000i\000\040\000\050\000F\000r\000a\000n\000t\000i\001\141\000e\000k\000\040\000N\000e\000d\000v\001\033\000d\000\051}{}% 198
\BOOKMARK [2][-]{subsection.0.199}{\376\377\000K\000o\000h\000o\000u\000t\000\040\000\050\000J\000a\000n\000\040\000N\000e\000d\000v\001\033\000d\000\051}{}% 199
\BOOKMARK [2][-]{subsection.0.200}{\376\377\000K\000o\000m\000e\000t\000a\000\040\000\050\000J\000a\000r\000o\000m\000\355\000r\000\040\000N\000o\000h\000a\000v\000i\000c\000a\000\051}{}% 200
\BOOKMARK [2][-]{subsection.0.201}{\376\377\000K\000o\001\141\000i\000l\000k\000a\000\040\000\050\000J\000a\000r\000o\000m\000\355\000r\000\040\000N\000o\000h\000a\000v\000i\000c\000a\000\051}{}% 201
\BOOKMARK [2][-]{subsection.0.202}{\376\377\000K\000r\000\341\000l\000\040\000a\000\040\000k\000l\000a\000u\000n\000\040\000\050\000K\000a\000r\000e\000l\000\040\000K\000r\000y\000l\000\051}{}% 202
\BOOKMARK [2][-]{subsection.0.203}{\376\377\000K\000r\000\341\000t\000k\000\375\000\040\000p\000o\000p\000i\000s\000\040\000l\000\351\000t\000a\000\040\000\050\000H\000r\000a\000d\000i\001\141\001\145\000a\000n\000\051}{}% 203
\BOOKMARK [2][-]{subsection.0.204}{\376\377\000K\001\131\000\355\000d\000l\000a\000\040\000\050\000L\000i\000k\000e\000\040\000i\000t\000\051}{}% 204
\BOOKMARK [2][-]{subsection.0.205}{\376\377\000K\001\131\000\355\000d\000l\000a\000\040\000m\000o\000t\000\375\000l\000\355\000\040\000\050\000A\000n\000e\000t\000a\000\040\000L\000a\000n\000g\000e\000r\000o\000v\000\341\000\051}{}% 205
\BOOKMARK [2][-]{subsection.0.206}{\376\377\000K\000r\000u\000t\000\341\000\040\000v\000\341\000l\000k\000a\000\040\000\050\000S\000p\000i\000r\000i\000t\000u\000\341\000l\000\040\000k\000v\000i\000n\000t\000e\000t\000\051}{}% 206
\BOOKMARK [2][-]{subsection.0.207}{\376\377\000K\000u\000r\000t\000i\000z\000\341\000n\000a\000\040\000\050\000U\000D\000G\000\051}{}% 207
\BOOKMARK [2][-]{subsection.0.208}{\376\377\000K\000u\000t\000i\000l\000\040\000\050\000C\000h\000i\000n\000a\000s\000k\000i\000\051}{}% 208
\BOOKMARK [2][-]{subsection.0.209}{\376\377\000K\000y\000t\000k\000a\000\040\000\050\000J\000a\000n\000\040\000N\000e\000d\000v\001\033\000d\000\051}{}% 209
\BOOKMARK [2][-]{subsection.0.210}{\376\377\000L\000a\000c\000h\000t\000a\000n\000i\000\040\000\050\000J\000a\000r\000o\000m\000\355\000r\000\040\000N\000o\000h\000a\000v\000i\000c\000a\000\051}{}% 210
\BOOKMARK [2][-]{subsection.0.211}{\376\377\000L\000a\000d\000y\000\040\000i\000n\000\040\000B\000l\000a\000c\000k\000\040\000\050\000U\000r\000i\000a\000h\000\040\000H\000e\000e\000p\000\051}{}% 211
\BOOKMARK [2][-]{subsection.0.212}{\376\377\000L\000.\000\040\000A\000.\000\040\000G\000.\000\040\000s\000o\000n\000g\000\040\000\050\000H\000o\000r\000k\000\375\001\176\000e\000\040\000S\000l\000\355\001\176\000e\000\051}{}% 212
\BOOKMARK [2][-]{subsection.0.213}{\376\377\000L\000\341\000j\000o\001\141}{}% 213
\BOOKMARK [2][-]{subsection.0.214}{\376\377\000L\000a\000n\000o\000\040\000c\000o\000\040\000k\000\040\000n\000e\000b\000i\000\040\000n\000\341\000s\000\040\000p\000o\000u\000t\000\341\000\040\000\050\000T\000r\000a\000b\000a\000n\000d\000\051}{}% 214
\BOOKMARK [2][-]{subsection.0.215}{\376\377\000L\000\341\000s\000k\000a\000\040\000a\000\040\000h\000v\001\033\000z\000d\000y\000\040\000\050\000C\000h\000i\000n\000a\000s\000k\000i\000\051}{}% 215
\BOOKMARK [2][-]{subsection.0.216}{\376\377\000L\000\341\000s\000k\000a\000\040\000n\000a\000\040\000v\000s\000i\000\040\000\050\000P\000o\000k\000\341\001\015\000\051}{}% 216
\BOOKMARK [2][-]{subsection.0.217}{\376\377\000L\000e\000a\000v\000i\000n\000g\000\040\000o\000n\000\040\000a\000\040\000j\000e\000t\000\040\000p\000l\000a\000n\000e\000\040\000\050\000J\000o\000h\000n\000\040\000D\000e\000n\000v\000e\000r\000\051}{}% 217
\BOOKMARK [2][-]{subsection.0.218}{\376\377\000L\000e\000m\000o\000n\000\040\000T\000r\000e\000e\000\040\000\050\000F\000o\000o\000l\000s\000\040\000G\000a\000r\000d\000e\000n\000\051}{}% 218
\BOOKMARK [2][-]{subsection.0.219}{\376\377\000L\000e\000p\001\141\000\355\000\040\000n\000e\001\176\000\040\000a\000l\000m\000u\001\176\000n\000a\000\040\000\050\000J\000a\000r\000o\000s\000l\000a\000v\000\040\000U\000h\000l\000\355\001\131\000\040\000a\000\040\000Z\000d\000e\000n\001\033\000k\000\040\000S\000v\001\033\000r\000\341\000k\000\051}{}% 219
\BOOKMARK [2][-]{subsection.0.220}{\376\377\000L\000\351\000t\000o\000\040\000l\000\341\000s\000k\000y\000\040\000\050\000S\000u\000m\000m\000e\000r\000\040\000A\000l\000l\000\040\000S\000t\000a\000r\000s\000\051}{}% 220
\BOOKMARK [2][-]{subsection.0.221}{\376\377\000L\000\351\000t\000o\000\040\000s\000\040\000t\000e\000b\000o\000u\000\040\000\050\000J\000i\001\131\000\355\000\040\000S\000c\000h\000e\000l\000i\000n\000g\000e\000r\000\051}{}% 221
\BOOKMARK [2][-]{subsection.0.222}{\376\377\000L\000e\000t\000\040\000I\000t\000\040\000B\000e\000\040\000\050\000B\000e\000a\000t\000l\000e\000s\000\051}{}% 222
\BOOKMARK [2][-]{subsection.0.223}{\376\377\000L\000e\000t\000\040\000I\000t\000\040\000G\000o\000\040\040\023\000\040\000F\000r\000o\000z\000e\000n\000\040\000\050\000I\000d\000i\000n\000a\000\040\000M\000e\000n\000z\000e\000l\000\051}{}% 223
\BOOKMARK [2][-]{subsection.0.224}{\376\377\000L\000e\000\040\000D\000\351\000s\000e\000r\000t\000e\000u\000r\000\040\000\050\000B\000o\000r\000i\000s\000\040\000V\000i\000a\000n\000\051}{}% 224
\BOOKMARK [2][-]{subsection.0.225}{\376\377\000L\000i\000l\000i\000e\000\040\000\050\000K\000a\000r\000e\000l\000\040\000K\000r\000y\000l\000\051}{}% 225
\BOOKMARK [2][-]{subsection.0.226}{\376\377\000L\000i\000l\000i\000e\000\040\000s\000k\000a\000u\000t\000s\000k\000\341\000\040\000\050\000T\000a\000x\000m\000e\000n\000i\000\051}{}% 226
\BOOKMARK [2][-]{subsection.0.227}{\376\377\000L\000i\000n\000d\000a\000\040\000\050\000D\001\033\000d\000a\000\040\000M\000l\000\341\000d\000e\000k\000\040\000I\000l\000l\000e\000g\000a\000l\000\040\000B\000a\000n\000d\000\051}{}% 227
\BOOKMARK [2][-]{subsection.0.228}{\376\377\000L\000o\001\017\000k\000a\000\040\000\050\000z\000\040\000p\000o\000h\000\341\000d\000k\000y\000\040\000Z\000l\000a\000t\000o\000v\000l\000\341\000s\000k\000a\000\051}{}% 228
\BOOKMARK [2][-]{subsection.0.229}{\376\377\000L\000o\000d\000n\000\355\000k\001\157\000v\000\040\000l\000a\000m\000e\000n\000t\000\040\000\050\000H\000o\000p\000\040\000T\000r\000o\000p\000\051}{}% 229
\BOOKMARK [2][-]{subsection.0.230}{\376\377\000L\000o\000k\000o\000m\000o\000t\000i\000v\000a\000\040\000\050\000P\000o\000l\000e\000t\000\355\000m\000e\000?\000\051}{}% 230
\BOOKMARK [2][-]{subsection.0.231}{\376\377\000L\000o\000s\000i\000n\000g\000\040\000m\000y\000\040\000R\000e\000l\000i\000g\000i\000o\000n\000\040\000\050\000R\000.\000\040\000E\000.\000\040\000M\000.\000\051}{}% 231
\BOOKMARK [2][-]{subsection.0.232}{\376\377\000L\000o\000u\000i\000s\000i\000a\000n\000a\000\040\000\050\000H\000o\000p\000\040\000T\000r\000o\000p\000\051}{}% 232
\BOOKMARK [2][-]{subsection.0.233}{\376\377\000L\000o\000v\000e\000c\000\040\000a\000m\000o\000r\001\157\000\040\000\050\000E\000p\000y\000\040\000d\000e\000\040\000M\000y\000e\000\051}{}% 233
\BOOKMARK [2][-]{subsection.0.234}{\376\377\000M\000a\000d\000e\000\040\000i\000n\000\040\000V\000a\000l\000m\000e\000z\000\040\000\050\000M\001\110\000\341\000g\000a\000\040\000a\000\040\001\175\001\017\000o\000r\000p\000\051}{}% 234
\BOOKMARK [2][-]{subsection.0.235}{\376\377\000M\000a\000g\000d\000a\000l\000\351\000n\000a\000\040\000\050\000J\000e\000l\000e\000n\000\051}{}% 235
\BOOKMARK [2][-]{subsection.0.236}{\376\377\000M\000a\000g\000d\000a\000l\000\351\000n\000a\000\040\000\050\000J\000e\000l\000e\000n\000\051}{}% 236
\BOOKMARK [2][-]{subsection.0.237}{\376\377\000M\000\341\000j\000a\000\040\000\050\000N\000i\000g\000h\000t\000w\000o\000r\000k\000\051}{}% 237
\BOOKMARK [2][-]{subsection.0.238}{\376\377\000M\000a\000l\000o\000v\000\341\000n\000\355\000\040\000\050\000D\000i\000v\000o\000k\000e\000j\000\040\000B\000i\000l\000l\000\051}{}% 238
\BOOKMARK [2][-]{subsection.0.239}{\376\377\000M\000a\000l\000o\000v\000\341\000n\000\355\000\040\000\050\000D\000i\000v\000o\000k\000e\000j\000\040\000B\000i\000l\000l\000\051}{}% 239
\BOOKMARK [2][-]{subsection.0.240}{\376\377\000M\000a\000l\000\375\000\040\000v\000\355\000t\000r\000\040\000\050\000T\000o\000m\000\341\001\141\000\040\000K\000l\000u\000s\000\051}{}% 240
\BOOKMARK [2][-]{subsection.0.241}{\376\377\000M\000\341\000m\000a\000\040\000m\000i\000\040\000n\000a\000\040\000k\000r\000k\000\040\000d\000a\000l\000a\000\040\000k\000l\000\355\001\015\000\040\000\050\000J\000a\000r\000o\000m\000\355\000r\000\040\000N\000o\000h\000a\000v\000i\000c\000a\000\051}{}% 241
\BOOKMARK [2][-]{subsection.0.242}{\376\377\000M\000a\000m\000k\000o\000\040\000n\000e\000d\000\341\000v\000e\000j\000\040\000m\001\033\000\040\000\050\001\014\000e\000c\000h\000o\000m\000o\000r\000\051}{}% 242
\BOOKMARK [2][-]{subsection.0.243}{\376\377\000M\000\341\000m\000\040\000d\000e\000p\000r\000e\000s\000i\000\040\000r\000\341\000d\000\040\000\050\000P\000o\000l\000e\000t\000\355\000m\000e\000?\000\051}{}% 243
\BOOKMARK [2][-]{subsection.0.244}{\376\377\000M\000\341\000m\000\040\000d\000o\000m\000a\000\040\000k\000o\001\015\000k\000u\000\040\000\050\000P\000o\000k\000\341\001\015\000\051}{}% 244
\BOOKMARK [2][-]{subsection.0.245}{\376\377\000M\000\341\000m\000\040\000j\000i\000z\000v\000u\000\040\000n\000a\000\040\000r\000t\000u\000\040\000\050\000J\000a\000r\000o\000m\000\355\000r\000\040\000N\000o\000h\000a\000v\000i\000c\000a\000\051}{}% 245
\BOOKMARK [2][-]{subsection.0.246}{\376\377\000M\000a\000n\000d\000o\000l\000\355\000n\000a\000\040\000\050\000A\000d\000a\000m\000\040\001\016\000u\000r\000i\000c\000a\000\051}{}% 246
\BOOKMARK [2][-]{subsection.0.247}{\376\377\000M\000a\001\131\000e\000n\000k\000a\000\040\000\050\000J\000a\000r\000o\000m\000\355\000r\000\040\000N\000o\000h\000a\000v\000i\000c\000a\000\051}{}% 247
\BOOKMARK [2][-]{subsection.0.248}{\376\377\000M\000a\000r\000i\000e\000\040\000\050\000T\000o\000m\000\341\001\141\000\040\000K\000l\000u\000s\000\051}{}% 248
\BOOKMARK [2][-]{subsection.0.249}{\376\377\000M\000a\000r\000i\000e\000\040\000\050\000T\000o\000m\000\341\001\141\000\040\000K\000l\000u\000s\000\051}{}% 249
\BOOKMARK [2][-]{subsection.0.250}{\376\377\000M\000a\000r\000i\000e\000!\000\040\000\050\000T\000r\000a\000b\000a\000n\000d\000\051}{}% 250
\BOOKMARK [2][-]{subsection.0.251}{\376\377\000M\000a\000r\000n\000i\000v\000\341\000\040\000s\000e\000s\000t\001\131\000e\000n\000i\000c\000e\000\040\000\050\000S\000u\000c\000h\000\375\000,\000\040\001\140\000l\000i\000t\000r\000\051}{}% 251
\BOOKMARK [2][-]{subsection.0.252}{\376\377\000M\000a\000r\000s\000y\000a\000s\000\040\000a\000\040\000A\000p\000o\000l\000l\000\363\000n\000\040\000\050\000M\000a\000r\000s\000y\000a\000s\000\051}{}% 252
\BOOKMARK [2][-]{subsection.0.253}{\376\377\000M\000a\000r\000u\001\141\000k\000a\000\040\000\050\000M\000a\000l\000o\000m\000o\000c\000n\000o\000s\000t\000\040\000P\000r\000\341\000z\000d\000n\000o\000t\000y\000\051}{}% 253
\BOOKMARK [2][-]{subsection.0.254}{\376\377\000M\000\341\000v\000\341\000t\000k\000a\000\040\000\050\000J\000a\000r\000o\000m\000\355\000r\000\040\000N\000o\000h\000a\000v\000i\000c\000a\000\051}{}% 254
\BOOKMARK [2][-]{subsection.0.255}{\376\377\000M\001\033\000l\000s\000\040\000m\001\033\000\040\000v\001\157\000b\000e\000c\000\040\000r\000\341\000d\000\040\000\050\000E\000w\000a\000\040\000F\000a\000r\000n\000a\000\051}{}% 255
\BOOKMARK [2][-]{subsection.0.256}{\376\377\000M\001\033\000s\000\355\000c\000\040\000\050\000M\001\110\000\341\000g\000a\000\040\000\046\000\040\001\175\001\017\000o\000r\000p\000\051}{}% 256
\BOOKMARK [2][-]{subsection.0.257}{\376\377\000M\000e\000z\000i\000\040\000h\000o\000r\000a\000m\000i\000\040\000\050\001\014\000e\000c\000h\000o\000m\000o\000r\000\051}{}% 257
\BOOKMARK [2][-]{subsection.0.258}{\376\377\000M\000i\000k\000y\000m\000a\000u\000z\000\040\000\050\000J\000a\000r\000o\000m\000\355\000r\000\040\000N\000o\000h\000a\000v\000i\000c\000a\000\051}{}% 258
\BOOKMARK [2][-]{subsection.0.259}{\376\377\000M\000i\000l\000a\000d\000a\000\040\000\050\000E\000p\000y\000\040\000d\000e\000\040\000M\000y\000e\000\051}{}% 259
\BOOKMARK [2][-]{subsection.0.260}{\376\377\000M\000i\000l\000u\000j\000u\000\040\000a\000\040\000m\000a\000l\000u\000j\000u\000\040\000\050\000V\000\341\000c\000l\000a\000v\000\040\000N\000e\000c\000k\000\341\001\131\000\051}{}% 260
\BOOKMARK [2][-]{subsection.0.261}{\376\377\000M\000i\000m\000o\000r\000e\000a\000l\000i\000t\000a\000\040\000\050\000T\000o\000m\000\341\001\141\000\040\000K\000l\000u\000s\000\051}{}% 261
\BOOKMARK [2][-]{subsection.0.262}{\376\377\000M\000i\000n\000u\000l\000o\000s\000t\000\040\000\050\000J\000a\000r\000o\000m\000\355\000r\000\040\000N\000o\000h\000a\000v\000i\000c\000a\000\051}{}% 262
\BOOKMARK [2][-]{subsection.0.263}{\376\377\000M\000i\000s\000s\000i\000s\000s\000i\000p\000p\000i\000\040\000b\000l\000u\000e\000s\000\040\000\050\000P\000a\000c\000i\000f\000i\000k\000\051}{}% 263
\BOOKMARK [2][-]{subsection.0.264}{\376\377\000M\000i\000s\000t\000y\000\040\000M\000o\000u\000n\000t\000a\000i\000n\000s\000\040\000\050\000H\000o\000b\000i\000t\000\051}{}% 264
\BOOKMARK [2][-]{subsection.0.265}{\376\377\000M\000l\000a\000d\000i\001\015\000k\000\341\000\040\000b\000\341\000s\000n\000\355\001\131\000k\000a\000\040\000\050\000J\000a\000r\000o\000m\000\355\000r\000\040\000N\000o\000h\000a\000v\000i\000c\000a\000\051}{}% 265
\BOOKMARK [2][-]{subsection.0.266}{\376\377\000M\000o\000d\000l\000i\000t\000b\000a\000\040\000v\000o\000d\000\341\000k\000a\000\040\000\050\000H\000o\000p\000\040\000T\000r\000o\000p\000\051}{}% 266
\BOOKMARK [2][-]{subsection.0.267}{\376\377\000M\000o\000n\000t\000g\000o\000m\000e\000r\000y\000\040\000\050\000P\000e\000t\000r\000\040\000S\000p\000\341\000l\000e\000n\000\375\000\051}{}% 267
\BOOKMARK [2][-]{subsection.0.268}{\376\377\000M\000o\000r\000i\000t\000u\000r\000i\000\040\000t\000e\000\040\000s\000a\000l\000u\000t\000a\000n\000t\000\040\000\050\000K\000a\000r\000e\000l\000\040\000K\000r\000y\000l\000\051}{}% 268
\BOOKMARK [2][-]{subsection.0.269}{\376\377\000M\000o\000r\000s\000e\000o\000v\000k\000a\000\040\000\050\000K\000a\000r\000e\000l\000\040\000P\000l\000\355\000h\000a\000l\000\051}{}% 269
\BOOKMARK [2][-]{subsection.0.270}{\376\377\000M\000o\001\176\000n\000\341\000\040\000s\000e\000\040\000m\000\375\000l\000\355\000m\000\040\000\050\000J\000a\000r\000o\000m\000\355\000r\000\040\000N\000o\000h\000a\000v\000i\000c\000a\000\051}{}% 270
\BOOKMARK [2][-]{subsection.0.271}{\376\377\000M\000r\000\341\001\015\000e\000k\000\040\000\050\000V\000\341\000c\000l\000a\000v\000\040\000K\000o\000u\000b\000e\000k\000\051}{}% 271
\BOOKMARK [2][-]{subsection.0.272}{\376\377\000M\000r\000a\000k\000y\000\040\000\050\000T\000r\000a\000b\000a\000n\000d\000\051}{}% 272
\BOOKMARK [2][-]{subsection.0.273}{\376\377\000M\000r\000a\000v\000e\000n\001\015\000\355\000\040\000u\000k\000o\000l\000\351\000b\000a\000v\000k\000a\000\040\000\050\000Z\000d\000e\000n\001\033\000k\000\040\000S\000v\001\033\000r\000\341\000k\000\040\000a\000\040\000J\000a\000r\000o\000s\000l\000a\000v\000\040\000U\000h\000l\000\355\001\131\000\051}{}% 273
\BOOKMARK [2][-]{subsection.0.274}{\376\377\000M\000r\000t\000v\000e\000j\000\040\000v\000l\000a\000k\000\040\000\050\000M\000i\000k\000i\000\040\000R\000y\000v\000o\000l\000a\000\051}{}% 274
\BOOKMARK [2][-]{subsection.0.275}{\376\377\000M\000u\000c\000h\000o\000m\001\157\000r\000k\000y\000\040\000b\000\355\000l\000\351\000\040\000\050\000P\001\157\000l\000n\000o\000c\000\051}{}% 275
\BOOKMARK [2][-]{subsection.0.276}{\376\377\000M\000y\000\040\000B\000o\000n\000n\000i\000e\000\040\000L\000i\000e\000s\000\040\000o\000v\000e\000r\000\040\000t\000h\000e\000\040\000O\000c\000e\000a\000n\000\040\000\050\000s\000k\000o\000t\000s\000k\000\341\000\051}{}% 276
\BOOKMARK [2][-]{subsection.0.277}{\376\377\000N\000a\000d\001\033\000j\000e\000\040\000\050\000M\000e\000z\000i\000t\000\355\000m\000\051}{}% 277
\BOOKMARK [2][-]{subsection.0.278}{\376\377\000N\000a\000d\000\040\000s\000t\000\341\000d\000e\000m\000\040\000k\000o\000n\000\355\000\040\000\050\000B\000u\000t\000y\000\051}{}% 278
\BOOKMARK [2][-]{subsection.0.279}{\376\377\000N\000a\000h\000\341\000\040\000p\000a\000n\000\355\000\040\000\050\000P\000o\000l\000e\000t\000\355\000m\000e\000?\000\051}{}% 279
\BOOKMARK [2][-]{subsection.0.280}{\376\377\000N\000a\000j\000,\000\040\000n\000a\000j}{}% 280
\BOOKMARK [2][-]{subsection.0.281}{\376\377\000N\000\341\000m\000o\001\131\000n\000i\000c\000k\000\341\000\040\000\050\000K\000a\000r\000e\000l\000\040\000P\000l\000\355\000h\000a\000l\000\051}{}% 281
\BOOKMARK [2][-]{subsection.0.282}{\376\377\000N\000\341\000m\000\040\000s\000e\000\040\000s\000t\000a\000l\000o\000\040\000n\001\033\000c\000o\000\040\000p\001\131\000e\000k\000r\000\341\000s\000n\000\351\000h\000o\000\040\000\050\000Z\000.\000\040\000S\000v\001\033\000r\000\341\000k\000,\000\040\000J\000.\000\040\000U\000h\000l\000\355\001\131\000\051}{}% 282
\BOOKMARK [2][-]{subsection.0.283}{\376\377\000N\000a\000p\000o\000j\000e\000n\000\040\000\050\000T\000o\000m\000\341\001\141\000\040\000K\000l\000u\000s\000\051}{}% 283
\BOOKMARK [2][-]{subsection.0.284}{\376\377\000N\000a\001\141\000t\001\033\000s\000t\000\355\000\040\000\050\000P\000a\000v\000e\000l\000\040\000C\000a\000l\000l\000t\000a\000\051}{}% 284
\BOOKMARK [2][-]{subsection.0.285}{\376\377\000N\000\341\001\141\000\040\000t\000\341\000b\000o\000r\000\040\000\050\000S\000v\001\033\000t\000\375\000l\000k\000a\000\051}{}% 285
\BOOKMARK [2][-]{subsection.0.286}{\376\377\000N\000a\000v\000i\000d\001\033\000n\000o\000u\000\040\000\050\000K\000r\000y\001\141\000t\000o\000f\000\051}{}% 286
\BOOKMARK [2][-]{subsection.0.287}{\376\377\000N\000a\000\040\000d\000v\000o\000j\000h\000l\000a\000s\000\040\000\050\000J\000a\000r\000r\000e\000t\000\051}{}% 287
\BOOKMARK [2][-]{subsection.0.288}{\376\377\000N\000a\000\040\000h\000o\000t\000e\000l\000u\000\040\000v\000\040\000O\000l\000o\000m\000o\000u\000c\000i\000\040\000\050\000P\000e\000t\000r\000\040\000H\000a\000p\000k\000a\000\051}{}% 288
\BOOKMARK [2][-]{subsection.0.289}{\376\377\000N\000a\000\040\000k\000o\000l\000e\000n\000a\000\040\000\050\000I\000v\000a\000n\000\040\000H\000l\000a\000s\000\051}{}% 289
\BOOKMARK [2][-]{subsection.0.290}{\376\377\000N\000a\000\040\000r\001\157\001\176\000\355\000c\000h\000\040\000u\000s\000t\000l\000\341\000n\000o\000\040\000\050\000b\000r\000a\000t\001\131\000i\000\040\000E\000b\000e\000n\000o\000v\000\351\000\051}{}% 290
\BOOKMARK [2][-]{subsection.0.291}{\376\377\000N\000a\000\040\000s\000e\000v\000e\000r\000\040\000\050\000K\000a\000b\000\341\000t\000\051}{}% 291
\BOOKMARK [2][-]{subsection.0.292}{\376\377\000N\000a\000\040\001\141\000i\000r\000\351\000m\000\040\000m\000o\001\131\000i\000\040\000\050\000T\000r\000a\000b\000a\000n\000d\000\051}{}% 292
\BOOKMARK [2][-]{subsection.0.293}{\376\377\000N\000a\000\040\000V\000\341\000n\000o\000c\000e\000\040\000r\000\341\000n\000o\000\040\000\050\000a\000m\000e\000r\000i\000c\000k\000\341\000\040\000/\000\040\000G\000r\000e\000e\000n\000h\000o\000r\000n\000s\000\051}{}% 293
\BOOKMARK [2][-]{subsection.0.294}{\376\377\000N\000e\000b\000e\001\141\000t\000\355\000\040\000j\000e\000z\000d\000c\000i\000\040\000\050\000S\000t\000a\000n\000\040\000J\000o\000n\000e\000s\000\040\000/\000\040\000J\000i\001\131\000\355\000\040\000B\000r\000d\000e\001\015\000k\000a\000\051}{}% 294
\BOOKMARK [2][-]{subsection.0.295}{\376\377\000N\000e\000b\000e\000\040\040\023\000\040\000p\000e\000k\000l\000o\000\040\040\023\000\040\000r\000\341\000j\000\040\000\050\000R\000a\000d\001\157\000z\000a\000\051}{}% 295
\BOOKMARK [2][-]{subsection.0.296}{\376\377\000N\000e\000j\000l\000\355\000p\000\040\000j\000i\000m\000\040\000b\000y\000l\000o\000\040\000\050\000M\001\110\000\341\000g\000a\000\040\000a\000\040\001\175\001\017\000o\000r\000p\000\051}{}% 296
\BOOKMARK [2][-]{subsection.0.297}{\376\377\000N\000e\000k\000l\000i\000d\000\040\000\050\000T\000o\000m\000\341\001\141\000\040\000K\000l\000u\000s\000\051}{}% 297
\BOOKMARK [2][-]{subsection.0.298}{\376\377\000N\000e\000n\000\355\000\040\000n\000u\000t\000n\000o\000\050\000Z\000d\000e\000n\001\033\000k\000\040\000S\000v\001\033\000r\000\341\000k\000,\000\040\000J\000a\000n\000\040\000U\000h\000l\000\355\001\131\000\051}{}% 298
\BOOKMARK [2][-]{subsection.0.299}{\376\377\000N\000e\000p\000u\000d\000e\000m\000\040\000d\000o\000m\000\372\000\040\000\050\000l\000i\000d\000o\000v\000\341\000\040\000/\000\040\001\014\000e\000c\000h\000o\000m\000o\000r\000\051}{}% 299
\BOOKMARK [2][-]{subsection.0.300}{\376\377\000N\000e\000t\000u\001\141\000\355\000m\000\040\000\050\000M\000i\000c\000h\000a\000l\000\040\000H\000o\000r\000\341\000k\000\040\000f\000e\000a\000t\000.\000\040\000P\000o\000k\000\341\001\015\000\051}{}% 300
\BOOKMARK [2][-]{subsection.0.301}{\376\377\000N\000e\000v\000i\000d\000o\000m\000\341\000\040\000d\000\355\000v\000k\000a\000\040\000\050\000K\000a\000r\000e\000l\000\040\000K\000r\000y\000l\000\051}{}% 301
\BOOKMARK [2][-]{subsection.0.302}{\376\377\000N\000e\000v\000i\000n\000n\000\341\000\040\000\050\000\332\001\015\000a\000s\000t\000n\000\355\000c\000i\000\040\000z\000\341\000j\000e\000z\000d\000u\000\051}{}% 302
\BOOKMARK [2][-]{subsection.0.303}{\376\377\000N\000i\000k\000d\000y\000\040\000n\000e\001\131\000\355\000k\000e\000j\000\040\000n\000i\000k\000d\000y\000\040\000\050\000E\000p\000y\000\040\000d\000e\000\040\000M\000y\000e\000\051}{}% 303
\BOOKMARK [2][-]{subsection.0.304}{\376\377\000N\000i\000k\000d\000y\000\040\000n\000i\000c\000\040\000n\000e\000b\000y\000l\000o\000\040\000\050\000S\000t\000o\000\040\000z\000v\000\355\001\131\000a\000t\000\051}{}% 304
\BOOKMARK [2][-]{subsection.0.305}{\376\377\000N\000i\000n\000a\000\040\000\050\000T\000o\000m\000\341\001\141\000\040\000K\000l\000u\000s\000\051}{}% 305
\BOOKMARK [2][-]{subsection.0.306}{\376\377\000N\000o\000m\000\341\000d\000s\000k\000\375\000\040\000s\000t\000a\000n\000\040\000\050\000R\000a\000d\001\157\000z\000a\000\051}{}% 306
\BOOKMARK [2][-]{subsection.0.307}{\376\377\000N\000o\000s\000o\000r\000o\001\176\000e\000c\000\040\000\050\000K\000a\000r\000e\000l\000\040\000P\000l\000\355\000h\000a\000l\000\051}{}% 307
\BOOKMARK [2][-]{subsection.0.308}{\376\377\000N\000o\000v\000\375\000\040\000d\000e\000n\000\040\000\050\000K\000l\000\355\001\015\000\051}{}% 308
\BOOKMARK [2][-]{subsection.0.309}{\376\377\000O\000b\000l\000u\000d\000a\000\040\000\050\000S\000a\000m\000s\000o\000n\000\040\000a\000\040\000s\000p\000o\000l\000.\000\051}{}% 309
\BOOKMARK [2][-]{subsection.0.310}{\376\377\000O\000m\000n\000i\000a\000\040\000v\000i\000n\000c\000i\000t\000\040\000a\000m\000o\000r\000\040\000\050\000K\000l\000\355\001\015\000\051}{}% 310
\BOOKMARK [2][-]{subsection.0.311}{\376\377\000O\000n\000-\000l\000i\000n\000e\000\040\000\050\000J\000a\000k\000s\000i\000\040\000T\000a\000k\000s\000i\000\051}{}% 311
\BOOKMARK [2][-]{subsection.0.312}{\376\377\000O\000n\000a\000\040\000s\000e\000\040\000s\000m\000\341\000l\000a\000\040\000\050\000M\000a\000n\000d\000r\000a\000g\000e\000\051}{}% 312
\BOOKMARK [2][-]{subsection.0.313}{\376\377\000O\000n\000e\000\040\000o\000f\000\040\000U\000s\000\040\000\050\000J\000o\000a\000n\000\040\000O\000s\000b\000o\000r\000n\000e\000\051}{}% 313
\BOOKMARK [2][-]{subsection.0.314}{\376\377\000O\000r\000a\000n\001\176\000o\000v\000\375\000\040\000e\000x\000p\000r\000e\000s\000\040\000\050\000G\000r\000e\000e\000n\000h\000o\000r\000n\000s\000\051}{}% 314
\BOOKMARK [2][-]{subsection.0.315}{\376\377\000O\000s\000m\000\341\000\040\000b\000a\000r\000v\000a\000\040\000d\000u\000h\000y\000\040\000\050\000J\000a\000r\000o\000m\000\355\000r\000\040\000N\000o\000h\000a\000v\000i\000c\000a\000\051}{}% 315
\BOOKMARK [2][-]{subsection.0.316}{\376\377\000O\000t\000e\000c\000\040\000A\000b\000r\000a\000h\000\341\000m\000\040\000\050\000a\000u\000t\000o\000r\000\040\000n\000e\000z\000n\000\341\000m\000\375\000\051}{}% 316
\BOOKMARK [2][-]{subsection.0.317}{\376\377\000O\000t\000h\000e\000r\000s\000i\000d\000e\000\040\000\050\000R\000e\000d\000\040\000H\000o\000t\000\040\000C\000h\000i\000l\000l\000i\000\040\000P\000e\000p\000p\000e\000r\000s\000\051}{}% 317
\BOOKMARK [2][-]{subsection.0.318}{\376\377\000O\000\040\000m\000a\000l\000\351\000m\000\040\000r\000y\000t\000\355\001\131\000i\000\040\000\050\000T\000r\000a\000b\000a\000n\000d\000\051}{}% 318
\BOOKMARK [2][-]{subsection.0.319}{\376\377\000P\000a\000c\000h\000o\000l\000e\000k\000\040\000a\000\040\000d\001\033\000v\000e\001\015\000k\000a\000\040\000\050\000m\000o\000r\000a\000v\000s\000k\000\341\000\040\000l\000i\000d\000o\000v\000\341\000\040\000b\000a\000l\000a\000d\000a\000\051}{}% 319
\BOOKMARK [2][-]{subsection.0.320}{\376\377\000P\000a\000n\000e\000n\000k\000a\000\040\000\050\000T\000o\000m\000\341\001\141\000\040\000K\000l\000u\000s\000\051}{}% 320
\BOOKMARK [2][-]{subsection.0.321}{\376\377\000P\000a\000n\000e\000n\000k\000a\000\040\000\050\000P\000o\000u\000t\000n\000\355\000c\000i\000\051}{}% 321
\BOOKMARK [2][-]{subsection.0.322}{\376\377\000P\000\341\000n\000u\000b\000o\000h\000u\000\040\000d\000o\000\040\000o\000k\000e\000n\000\040\000\050\000T\000o\000m\000\341\001\141\000\040\000K\000l\000u\000s\000\051}{}% 322
\BOOKMARK [2][-]{subsection.0.323}{\376\377\000P\000\341\000r\000\040\000m\000i\000n\000u\000t\000\040\000\050\000C\000o\000p\000\051}{}% 323
\BOOKMARK [2][-]{subsection.0.324}{\376\377\000P\000a\000s\000\341\001\176\000o\000v\000\341\000\040\000r\000e\000v\000o\000l\000t\000a\000\040\000\050\000K\000a\000r\000e\000l\000\040\000K\000r\000y\000l\000\051}{}% 324
\BOOKMARK [2][-]{subsection.0.325}{\376\377\000P\000a\000s\000t\000e\000v\000e\000c\000k\000\341\000\040\000\050\001\140\000i\000m\000e\000k\000\040\000a\000\040\000G\000r\000o\000s\000s\000m\000a\000n\000\051}{}% 325
\BOOKMARK [2][-]{subsection.0.326}{\376\377\000P\000a\000t\000n\000\341\000c\000t\000\040\000m\000u\001\176\001\157\000\040\000\050\000S\000k\000a\000l\000d\000e\000n\000e\000\051}{}% 326
\BOOKMARK [2][-]{subsection.0.327}{\376\377\000P\000a\001\176\000i\000t\000k\000a\000\040\000\050\000X\000a\000v\000i\000e\000r\000\040\000B\000a\000u\000m\000a\000x\000a\000\051}{}% 327
\BOOKMARK [2][-]{subsection.0.328}{\376\377\000P\000e\000r\000f\000e\000c\000t\000\040\000\050\000E\000d\000\040\000S\000h\000e\000e\000r\000a\000n\000\051}{}% 328
\BOOKMARK [2][-]{subsection.0.329}{\376\377\000P\000e\000t\001\033\000r\000b\000u\000r\000g\000\040\000\050\000J\000a\000r\000o\000m\000\355\000r\000\040\000N\000o\000h\000a\000v\000i\000c\000a\000\051}{}% 329
\BOOKMARK [2][-]{subsection.0.330}{\376\377\000P\000\355\000s\000e\000k\000\040\000\050\000N\000e\000z\000m\000a\001\131\000i\000\051}{}% 330
\BOOKMARK [2][-]{subsection.0.331}{\376\377\000P\000\355\000s\000e\001\110\000,\000\040\000c\000o\000\040\000m\001\033\000\040\000u\001\015\000i\000l\000\040\000l\000i\000s\000t\000o\000p\000a\000d\000\040\000\050\000W\000a\000b\000i\000\040\000D\000a\000n\001\033\000k\000\051}{}% 331
\BOOKMARK [2][-]{subsection.0.332}{\376\377\000P\000\355\000s\000e\001\110\000\040\000o\000\040\000p\001\131\000\355\000t\000e\000l\000i\000\040\000\050\000V\000.\000\040\000V\000y\000s\000o\000c\000k\000i\000j\000\040\000/\000\040\000J\000.\000\040\000N\000o\000h\000a\000v\000i\000c\000a\000\051}{}% 332
\BOOKMARK [2][-]{subsection.0.333}{\376\377\000P\000\355\000s\000k\000a\000j\000\355\000c\000\355\000\040\000c\000i\000k\000\341\000n\000\040\000\050\000I\000r\000s\000k\000\341\000\040\000/\000\040\000S\000p\000i\000r\000i\000t\000u\000\341\000l\000\040\000k\000v\000i\000n\000t\000e\000t\000\051}{}% 333
\BOOKMARK [2][-]{subsection.0.334}{\376\377\000P\000l\000a\000k\000a\000l\000a\000\050\000D\000i\000v\000o\000k\000e\000j\000\040\000B\000i\000l\000l\000\051}{}% 334
\BOOKMARK [2][-]{subsection.0.335}{\376\377\000P\000l\000\355\000h\000a\000l\000o\000v\000a\000\040\000u\000n\000i\000v\000e\000r\000z\000\341\000l\000n\000\355\000\040\000m\000e\000l\000o\000d\000i\000e\000\040\000\050\000P\000l\000\355\000h\000a\000l\000,\000\040\000N\000o\000h\000a\000v\000i\000c\000a\000\051}{}% 335
\BOOKMARK [2][-]{subsection.0.336}{\376\377\000P\000o\000c\000h\000o\000d\000\040\000m\000a\000r\000o\000d\001\157\000\040\000\050\000J\000a\000r\000o\000m\000\355\000r\000\040\000N\000o\000h\000a\000v\000i\000c\000a\000\040\000\051}{}% 336
\BOOKMARK [2][-]{subsection.0.337}{\376\377\000P\000o\000c\000i\000t\000y\000\040\000\050\000T\000o\000m\000\341\001\141\000\040\000K\000l\000u\000s\000\051}{}% 337
\BOOKMARK [2][-]{subsection.0.338}{\376\377\000P\000o\000d\000\355\000v\000e\000j\000\040\000\050\000G\000i\000n\000e\000v\000r\000a\000\051}{}% 338
\BOOKMARK [2][-]{subsection.0.339}{\376\377\000P\000o\000d\000v\000o\000d\000\040\000\050\000J\000a\000n\000\040\000N\000e\000d\000v\001\033\000d\000\051}{}% 339
\BOOKMARK [2][-]{subsection.0.340}{\376\377\000P\000o\000h\000\341\000d\000k\000a\000\040\000\050\000K\000a\000r\000e\000l\000\040\000P\000l\000\355\000h\000a\000l\000\051}{}% 340
\BOOKMARK [2][-]{subsection.0.341}{\376\377\000P\000o\000h\000\341\000d\000k\000a\000\040\000\050\000P\000o\000k\000\341\001\015\000\051}{}% 341
\BOOKMARK [2][-]{subsection.0.342}{\376\377\000P\000o\000h\000\341\000d\000k\000a\000\040\000\050\000S\000u\000p\000p\000o\000r\000t\000\040\000L\000e\000s\000b\000i\000e\000n\000s\000\051}{}% 342
\BOOKMARK [2][-]{subsection.0.343}{\376\377\000P\000o\000h\000\341\000r\000\040\000a\000\040\000k\000a\000l\000i\000c\000h\000\040\000\050\000K\000l\000\355\001\015\000\051}{}% 343
\BOOKMARK [2][-]{subsection.0.344}{\376\377\000P\000o\000h\000o\000d\000a\000\040\000\050\000K\000a\000b\000\341\000t\000\051}{}% 344
\BOOKMARK [2][-]{subsection.0.345}{\376\377\000P\000o\000j\001\017\000\040\000s\000e\000\040\000m\000n\000o\000u\000,\000\040\000l\000\341\000s\000k\000o\000\040\000m\000\341\000\040\000\050\000P\000o\000l\000e\000t\000\355\000m\000e\000?\000\051}{}% 345
\BOOKMARK [2][-]{subsection.0.346}{\376\377\000P\000o\000j\001\017\000\040\000s\000i\000\040\000l\000e\000h\000n\000o\000u\000t\000\040\000\050\000C\000h\000i\000n\000a\000s\000k\000i\000\051}{}% 346
\BOOKMARK [2][-]{subsection.0.347}{\376\377\000P\000o\000l\000e\000\040\000s\000\040\000b\000a\000v\000l\000n\000o\000u\000\040\000\050\000R\000a\000n\000g\000e\000r\000s\000\051}{}% 347
\BOOKMARK [2][-]{subsection.0.348}{\376\377\000P\000o\000p\000e\000l\000k\000a\000\040\000\050\000X\000i\000n\000d\000l\000\040\000X\000\051}{}% 348
\BOOKMARK [2][-]{subsection.0.349}{\376\377\000P\000o\000r\000a\000n\001\033\000n\000\375\000\040\000k\000o\000l\000e\000n\000o\000\040\000\050\000P\000a\000c\000i\000f\000i\000k\000\051}{}% 349
\BOOKMARK [2][-]{subsection.0.350}{\376\377\000P\000o\000r\000u\000b\000a\000\040\000\050\000J\000a\000r\000o\000m\000\355\000r\000\040\000N\000o\000h\000a\000v\000i\000c\000a\000\051}{}% 350
\BOOKMARK [2][-]{subsection.0.351}{\376\377\000P\000o\000s\000l\000e\000d\000n\000\355\000\040\000n\000o\000c\000\040\000\050\000E\000p\000y\000\040\000d\000e\000\040\000M\000y\000e\000\051}{}% 351
\BOOKMARK [2][-]{subsection.0.352}{\376\377\000P\000o\000s\000l\000e\000d\000n\000\355\000\040\000v\001\157\000l\000e\000\040\000\050\000P\000o\000l\000e\000t\000\355\000m\000e\000?\000\051}{}% 352
\BOOKMARK [2][-]{subsection.0.353}{\376\377\000P\000o\001\141\000t\000a\000\040\000\050\000L\000a\000d\000i\000s\000l\000a\000v\000\040\000A\000n\000g\000y\000a\000l\000\051}{}% 353
\BOOKMARK [2][-]{subsection.0.354}{\376\377\000P\000o\000s\000t\000e\000l\000\040\000\050\000P\000o\000l\000e\000t\000\355\000m\000e\000?\000\051}{}% 354
\BOOKMARK [2][-]{subsection.0.355}{\376\377\000P\000o\000t\000k\000a\000l\000\040\000j\000s\000e\000m\000\040\000t\001\033\000\040\000p\000o\000\040\000l\000e\000t\000e\000c\000h\000\040\000\050\000C\000h\000i\000n\000a\000s\000k\000i\000\051}{}% 355
\BOOKMARK [2][-]{subsection.0.356}{\376\377\000P\000o\000t\000u\000l\000n\000\355\000\040\000k\000e\000j\000k\000l\000\355\001\131\000i\000\040\000\050\000J\000a\000r\000o\000m\000\355\000r\000\040\000N\000o\000h\000a\000v\000i\000c\000a\000\051}{}% 356
\BOOKMARK [2][-]{subsection.0.357}{\376\377\000P\000o\000v\000a\000l\000a\001\015\000i\000\040\000\050\000H\000o\000r\000k\000\375\001\176\000e\000\040\000S\000l\000\355\001\176\000e\000\051}{}% 357
\BOOKMARK [2][-]{subsection.0.358}{\376\377\000P\000o\000v\001\033\000s\000t\000e\000\040\000h\000o\000\040\000v\000e\000j\001\141\000\040\000\050\000M\000i\000c\000h\000a\000l\000\040\000T\000u\001\015\000n\000\375\000\051}{}% 358
\BOOKMARK [2][-]{subsection.0.359}{\376\377\000P\000o\000\040\000s\000c\000h\000o\000d\000o\000c\000h\000\040\000\050\000R\000i\000c\000h\000a\000r\000d\000\040\000M\000\374\000l\000l\000e\000r\000\051}{}% 359
\BOOKMARK [2][-]{subsection.0.360}{\376\377\000P\000r\000a\000m\000\355\000n\000e\000k\000\040\000v\000l\000a\000s\001\157\000\040\000\050\000S\000u\000c\000h\000\375\000,\000\040\001\140\000l\000i\000t\000r\000\051}{}% 360
\BOOKMARK [2][-]{subsection.0.361}{\376\377\000P\001\131\000\341\000t\000e\000l\000s\000t\000v\000\355\000\040\000n\000a\000\040\000n\000-\000t\000o\000u\000\040\000\050\000P\000e\000t\000r\000\040\000N\000o\000v\000\341\000k\000\051}{}% 361
\BOOKMARK [2][-]{subsection.0.362}{\376\377\000P\000r\000\351\000r\000i\000e\000\040\000\050\000S\000e\000v\000e\000r\000n\000\355\000\040\000n\000\341\000s\000t\000u\000p\000i\001\141\000t\001\033\000\051}{}% 362
\BOOKMARK [2][-]{subsection.0.363}{\376\377\000P\000r\000o\000b\000u\000z\000e\000n\000\355\000\040\000\050\000P\000o\000k\000\341\001\015\000\051}{}% 363
\BOOKMARK [2][-]{subsection.0.364}{\376\377\000P\000r\000o\000d\000a\000v\000a\001\015\000\040\000\050\000M\000i\000c\000h\000a\000l\000\040\000T\000u\001\015\000n\000\375\000\051}{}% 364
\BOOKMARK [2][-]{subsection.0.365}{\376\377\000P\000r\000o\000k\000l\000a\000t\000e\000j\000\040\000v\001\157\000z\000\040\000\050\000G\000r\000e\000e\000n\000h\000o\000r\000n\000s\000\051}{}% 365
\BOOKMARK [2][-]{subsection.0.366}{\376\377\000P\000r\000o\000m\001\033\000n\000y\000\040\000\050\001\014\000e\000c\000h\000o\000m\000o\000r\000\051}{}% 366
\BOOKMARK [2][-]{subsection.0.367}{\376\377\000P\000r\000o\000\040\000m\000a\000l\000o\000u\000\040\000L\000e\000n\000k\000u\000\040\000\050\000J\000a\000r\000o\000m\000\355\000r\000\040\000N\000o\000h\000a\000v\000i\000c\000a\000\051}{}% 367
\BOOKMARK [2][-]{subsection.0.368}{\376\377\000P\000r\000v\000n\000\355\000\040\000s\000i\000g\000n\000\341\000l\000n\000\355\000\040\000\050\000C\000h\000i\000n\000a\000s\000k\000i\000\051}{}% 368
\BOOKMARK [2][-]{subsection.0.369}{\376\377\000P\000y\001\141\000n\000\375\000\040\000J\000a\000n\000e\000k\000\040\000\050\000J\000a\000r\000o\000m\000\355\000r\000\040\000N\000o\000h\000a\000v\000i\000c\000a\000\051}{}% 369
\BOOKMARK [2][-]{subsection.0.370}{\376\377\000R\000a\000c\000c\000i\000\040\000\050\000C\000e\000r\000m\000a\000q\000u\000e\000\040\000\046\000\040\000I\000a\000m\000m\000e\000\040\000C\000a\000n\000d\000l\000e\000w\000i\000c\000k\000\051}{}% 370
\BOOKMARK [2][-]{subsection.0.371}{\376\377\000R\000a\000c\000i\000\040\000v\000\040\000p\000r\000\341\000c\000i\000\040\000\050\000K\000a\000b\000\341\000t\000\051}{}% 371
\BOOKMARK [2][-]{subsection.0.372}{\376\377\000R\000\341\000d\000a\000\040\000s\000e\000\040\000m\000i\000l\000u\000j\000e\000\040\000\050\000K\000a\000r\000e\000l\000\040\000P\000l\000\355\000h\000a\000l\000\051}{}% 372
\BOOKMARK [2][-]{subsection.0.373}{\376\377\000R\000a\000d\000i\000o\000a\000c\000t\000i\000v\000e\000\040\000\050\000I\000m\000a\000g\000i\000n\000e\000\040\000D\000r\000a\000g\000o\000n\000s\000\051}{}% 373
\BOOKMARK [2][-]{subsection.0.374}{\376\377\000R\000\341\000n\000a\000\040\000v\000\040\000t\000r\000\341\000v\001\033\000\040\000\050\000P\000a\000v\000e\000l\000\040\000L\000o\000h\000o\000n\000k\000a\000\040\001\175\000a\000l\000m\000a\000n\000\051}{}% 374
\BOOKMARK [2][-]{subsection.0.375}{\376\377\001\130\000e\000k\000n\000i\000,\000\040\000k\000d\000e\000\040\000t\000y\000\040\000k\000y\000t\000k\000y\000\040\000j\000s\000o\000u\000\040\000\050\000J\000i\001\131\000i\000n\000a\000\040\000F\000i\000k\000e\000j\000z\000o\000v\000\341\000\051}{}% 375
\BOOKMARK [2][-]{subsection.0.376}{\376\377\000R\000i\000p\000t\000i\000d\000e\000\040\000\050\000V\000a\000n\000c\000e\000\040\000J\000o\000y\000\051}{}% 376
\BOOKMARK [2][-]{subsection.0.377}{\376\377\000R\000o\000k\000\040\0001\0008\0004\0009\000\040\000\050\000a\000m\000e\000r\000i\000c\000k\000\341\000\040\000/\000\040\000G\000r\000e\000e\000n\000h\000o\000r\000n\000s\000\051}{}% 377
\BOOKMARK [2][-]{subsection.0.378}{\376\377\000R\000o\000s\000a\000\040\000n\000a\000\040\000k\000o\000l\000e\000j\000\355\000c\000h\000\040\000\050\000W\000a\000b\000i\000\040\000D\000a\000n\001\033\000k\000\051}{}% 378
\BOOKMARK [2][-]{subsection.0.379}{\376\377\000R\000o\000s\000e\000\040\000T\000a\000t\000t\000o\000o\000\040\000\050\000D\000r\000o\000p\000k\000i\000c\000k\000\040\000M\000u\000r\000p\000h\000y\000s\000\051}{}% 379
\BOOKMARK [2][-]{subsection.0.380}{\376\377\000R\000o\000z\000\341\000r\000k\000a\000\040\000\050\000D\000i\000v\000o\000k\000e\000j\000\040\000B\000i\000l\000l\000\051}{}% 380
\BOOKMARK [2][-]{subsection.0.381}{\376\377\000R\001\157\001\176\000e\000\040\000z\000\040\000p\000a\000p\000\355\000r\000u\000\040\000\050\000J\000a\000n\000\040\000N\000e\000d\000v\001\033\000d\000\051}{}% 381
\BOOKMARK [2][-]{subsection.0.382}{\376\377\000R\001\157\001\176\000e\000\040\000z\000\040\000T\000e\000x\000a\000s\000u\000\040\000\050\000t\000r\000a\000d\000i\000t\000i\000o\000n\000a\000l\000\040\000/\000\040\000I\000v\000o\000\040\000F\000i\000s\000c\000h\000e\000r\000\051}{}% 382
\BOOKMARK [2][-]{subsection.0.383}{\376\377\000R\001\157\001\176\000i\001\015\000k\000a\000\040\000\050\000S\000p\000i\000r\000i\000t\000u\000\341\000l\000\040\000k\000v\000i\000n\000t\000e\000t\000\051}{}% 383
\BOOKMARK [2][-]{subsection.0.384}{\376\377\000R\000y\000b\000n\000\355\000k\000\040\000\050\000V\000\341\000c\000l\000a\000v\000\040\000N\000e\000c\000k\000\341\001\131\000\051}{}% 384
\BOOKMARK [2][-]{subsection.0.385}{\376\377\000R\000y\000c\000h\000l\000\351\000\040\001\141\000\355\000p\000y\000\040\000\050\000W\000a\000b\000i\000\040\000R\000y\000v\000o\000l\000a\000\051}{}% 385
\BOOKMARK [2][-]{subsection.0.386}{\376\377\000S\000a\000l\000o\000m\000e\000\040\000\050\000K\000a\000r\000e\000l\000\040\000k\000r\000y\000l\000\051}{}% 386
\BOOKMARK [2][-]{subsection.0.387}{\376\377\001\140\000a\000m\000a\000n\000\040\000\050\000K\000a\000b\000\341\000t\000\051}{}% 387
\BOOKMARK [2][-]{subsection.0.388}{\376\377\000S\000a\000r\000a\000j\000e\000v\000o\000\040\000\050\000J\000a\000r\000o\000m\000\355\000r\000\040\000N\000o\000h\000a\000v\000i\000c\000a\000\051}{}% 388
\BOOKMARK [2][-]{subsection.0.389}{\376\377\000S\000\341\000r\000o\000!\000\040\000\050\000T\000r\000a\000b\000a\000n\000d\000\051}{}% 389
\BOOKMARK [2][-]{subsection.0.390}{\376\377\000S\000\341\000r\000o\000\040\000\050\000D\000o\000b\000r\000\341\000\040\000P\000o\000l\000o\000h\000a\000\051}{}% 390
\BOOKMARK [2][-]{subsection.0.391}{\376\377\000S\000c\000a\000r\000b\000o\000r\000o\000u\000g\000h\000\040\000F\000a\000i\000r\000\040\000\050\000S\000i\000m\000o\000n\000\040\000\046\000\040\000G\000a\000r\000f\000u\000n\000k\000e\000l\000\051}{}% 391
\BOOKMARK [2][-]{subsection.0.392}{\376\377\000S\000e\000d\000\355\000\040\000t\000o\000p\000i\001\015\000\040\000u\000\040\000p\000i\000\341\000n\000a\000\040\000\050\000K\000a\000r\000e\000l\000\040\000P\000l\000\355\000h\000a\000l\000\051}{}% 392
\BOOKMARK [2][-]{subsection.0.393}{\376\377\000S\000e\000d\000m\000i\000k\000r\000\341\000s\000k\000a\000\040\000\050\000N\000e\000d\000v\001\033\000d\000i\000\051}{}% 393
\BOOKMARK [2][-]{subsection.0.394}{\376\377\000S\000e\000n\000\040\000\050\000L\000u\000c\000i\000e\000\051}{}% 394
\BOOKMARK [2][-]{subsection.0.395}{\376\377\000S\000e\000n\000\040\000\050\000L\000u\000c\000i\000e\000\051}{}% 395
\BOOKMARK [2][-]{subsection.0.396}{\376\377\000S\000e\000v\000e\000r\000n\000\355\000\040\000v\000\355\000t\000r\000\040\000\050\000Z\000d\000e\000n\001\033\000k\000\040\000S\000v\001\033\000r\000\341\000k\000,\000\040\000J\000a\000r\000o\000s\000l\000a\000v\000\040\000U\000h\000l\000\355\001\131\000\051}{}% 396
\BOOKMARK [2][-]{subsection.0.397}{\376\377\000S\000h\000a\000a\000l\000u\000\040\000S\000h\000a\000l\000o\000m\000\040\000Y\000e\000r\000u\000s\000h\000a\000l\000a\000y\000i\000m\000\040\000\050\001\175\000a\000l\000m\000\040\0001\0002\0002\000\051}{}% 397
\BOOKMARK [2][-]{subsection.0.398}{\376\377\000S\000i\000b\000y\000l\000a\000\040\000\050\000T\000o\000m\000\341\001\141\000\040\000K\000l\000u\000s\000\051}{}% 398
\BOOKMARK [2][-]{subsection.0.399}{\376\377\000S\000\355\000l\000a\000\040\000s\000t\000a\000r\000e\000j\000c\000h\000\040\000v\000\355\000n\000\040\000\050\001\140\000k\000w\000o\000r\000\051}{}% 399
\BOOKMARK [2][-]{subsection.0.400}{\376\377\001\140\000i\000m\000b\000o\000l\000i\000c\000e\000\040\000\050\001\014\000e\000c\000h\000o\000m\000o\000r\000\051}{}% 400
\BOOKMARK [2][-]{subsection.0.401}{\376\377\001\140\000\355\000p\000k\000o\000v\000\341\000\040\000R\001\157\001\176\000e\000n\000k\000a\000\040\000\050\000D\000e\000e\000p\000\040\000P\000u\000r\000p\000l\000e\000\040\000/\000\040\000J\000.\000\040\000S\000c\000h\000e\000l\000i\000n\000g\000e\000r\000\051}{}% 401
\BOOKMARK [2][-]{subsection.0.402}{\376\377\000S\000k\000l\000\341\000d\000a\000n\000k\000a\000\040\000\050\000J\000a\000n\000\040\000N\000e\000d\000v\001\033\000d\000\051}{}% 402
\BOOKMARK [2][-]{subsection.0.403}{\376\377\000S\000l\000a\000v\000\355\000c\000i\000\040\000z\000\040\000M\000a\000d\000r\000i\000d\000u\000\040\000\050\000W\000a\000l\000d\000e\000m\000a\000r\000\040\000M\000a\000t\000u\001\141\000k\000a\000\051}{}% 403
\BOOKMARK [2][-]{subsection.0.404}{\376\377\000S\000l\000e\000p\000i\000c\000\040\000p\000\355\000r\000k\000a\000\040\000\050\000M\000I\000G\000\040\0002\0001\000\051}{}% 404
\BOOKMARK [2][-]{subsection.0.405}{\376\377\000S\000l\000u\000n\000e\001\015\000n\000\375\000\040\000h\000r\000o\000b\000\040\000\050\000B\000l\000u\000e\000\040\000E\000f\000f\000e\000c\000t\000\051}{}% 405
\BOOKMARK [2][-]{subsection.0.406}{\376\377\000S\000l\000u\000n\000o\000v\000r\000a\000t\000\040\000\050\000J\000e\000l\000e\000n\000\051}{}% 406
\BOOKMARK [2][-]{subsection.0.407}{\376\377\000S\000n\000a\000d\000n\000\351\000\040\000j\000e\000\040\001\176\000\355\000t\000\040\000\050\000M\000I\000G\000\040\0002\0001\000\051}{}% 407
\BOOKMARK [2][-]{subsection.0.408}{\376\377\000S\000o\000u\000d\000n\000\375\000\040\000d\000e\000n\000\040\000\050\000S\000p\000i\000r\000i\000t\000u\000\341\000l\000\040\000K\000v\000i\000n\000t\000e\000t\000\051}{}% 408
\BOOKMARK [2][-]{subsection.0.409}{\376\377\000S\000o\000u\000t\001\033\001\176\000\040\000\050\000P\000o\000l\000e\000t\000\355\000m\000e\000?\000\051}{}% 409
\BOOKMARK [2][-]{subsection.0.410}{\376\377\000S\000p\000i\000n\000k\000e\000j\000\040\000\050\000J\000.\000\040\000D\000e\000n\000v\000e\000r\000\040\000/\000\040\000S\000p\000i\000r\000i\000t\000u\000\341\000l\000\040\000k\000v\000i\000n\000t\000e\000t\000\051}{}% 410
\BOOKMARK [2][-]{subsection.0.411}{\376\377\000S\000p\000o\000m\000i\000e\000n\000k\000y\000\040\000n\000a\000\040\000b\000u\000d\000\372\000c\000n\000o\000s\001\145\000\040\000\050\000I\000n\000e\000k\000a\000f\000e\000\051}{}% 411
\BOOKMARK [2][-]{subsection.0.412}{\376\377\001\140\000r\000o\000u\000b\000y\000\040\000a\000\040\000m\000a\000t\000i\000c\000e\000\040\000\050\000M\000a\000n\000d\000r\000a\000g\000e\000\051}{}% 412
\BOOKMARK [2][-]{subsection.0.413}{\376\377\000S\000t\000\341\000n\000k\000y\000\040\000\050\000B\000r\000o\000n\000t\000o\000s\000a\000u\001\131\000i\000\051}{}% 413
\BOOKMARK [2][-]{subsection.0.414}{\376\377\000S\000t\000a\000r\000\341\000\040\000P\000i\000v\000n\000i\001\015\000k\000o\000v\000\341\000\040\000\050\001\014\000e\000c\000h\000o\000m\000o\000r\000\051}{}% 414
\BOOKMARK [2][-]{subsection.0.415}{\376\377\000S\000t\000a\000t\000i\000s\000t\000i\000k\000a\000\040\000\050\000Z\000d\000e\000n\001\033\000k\000\040\000S\000v\001\033\000r\000\341\000k\000,\000\040\000J\000a\000r\000o\000s\000l\000a\000v\000\040\000U\000h\000l\000\355\001\131\000\051}{}% 415
\BOOKMARK [2][-]{subsection.0.416}{\376\377\000S\000t\000\355\001\176\000n\000o\000s\000t\000\040\000\050\000C\000h\000i\000n\000a\000s\000k\000i\000\051}{}% 416
\BOOKMARK [2][-]{subsection.0.417}{\376\377\000S\000t\000r\000a\000k\000a\000p\000\372\000d\000\040\000\050\000J\000a\000r\000o\000m\000\355\000r\000\040\000N\000o\000h\000a\000v\000i\000c\000a\000\051}{}% 417
\BOOKMARK [2][-]{subsection.0.418}{\376\377\000S\000t\000r\000o\000m\000\040\000\050\000J\000i\001\131\000i\000n\000a\000\040\000D\000o\000l\000e\001\176\000a\000l\000o\000v\000\341\000\051}{}% 418
\BOOKMARK [2][-]{subsection.0.419}{\376\377\000S\000t\000u\000d\000e\000n\000\375\000\040\000n\000o\000h\000y\000\040\000\050\000R\000a\000d\001\157\000z\000a\000\051}{}% 419
\BOOKMARK [2][-]{subsection.0.420}{\376\377\000S\000t\000\375\000s\000k\000\341\000n\000\355\000\040\000\050\000b\000r\000a\000t\001\131\000i\000\040\000E\000b\000e\000n\000o\000v\000\351\000\051}{}% 420
\BOOKMARK [2][-]{subsection.0.421}{\376\377\000S\000v\000a\000t\000\341\000\040\000K\000a\000t\000e\001\131\000i\000n\000a\000\040\000\050\000l\000i\000d\000o\000v\000\341\000\040\000/\000\040\000P\000a\000v\000e\000l\000\040\000L\000o\000h\000o\000n\000k\000a\000\040\001\175\000a\000l\000m\000a\000n\000\051}{}% 421
\BOOKMARK [2][-]{subsection.0.422}{\376\377\000S\000v\000a\000t\000e\000b\000n\000\355\000\040\000\050\000J\000a\000r\000o\000m\000\355\000r\000\040\000N\000o\000h\000a\000v\000i\000c\000a\000\051}{}% 422
\BOOKMARK [2][-]{subsection.0.423}{\376\377\000S\000v\001\033\000t\000l\000o\000\040\000v\000e\000\040\000t\000m\001\033\000\040\000\050\000J\000e\000l\000e\000n\000\051}{}% 423
\BOOKMARK [2][-]{subsection.0.424}{\376\377\000S\000v\001\033\000t\000l\000u\001\141\000k\000y\000\040\000\050\000P\001\131\000\355\000b\000u\000z\000n\000\355\000\051}{}% 424
\BOOKMARK [2][-]{subsection.0.425}{\376\377\000S\000w\000e\000e\000t\000\040\000D\000r\000e\000a\000m\000s\000\040\000\050\000M\000a\000r\000i\000l\000y\000n\000\040\000M\000a\000n\000s\000o\000n\000\051}{}% 425
\BOOKMARK [2][-]{subsection.0.426}{\376\377\000T\000a\000k\000e\000\040\000M\000e\000\040\000H\000o\000m\000e\000,\000\040\000C\000o\000u\000n\000t\000r\000y\000\040\000R\000o\000a\000d\000s\000\040\000\050\000J\000o\000h\000n\000\040\000D\000e\000n\000v\000e\000r\000\051}{}% 426
\BOOKMARK [2][-]{subsection.0.427}{\376\377\000T\000a\000k\000\040\000p\000r\000o\000m\000i\001\110\000\040\000\050\000P\000a\000v\000e\000l\000\040\000C\000a\000l\000t\000a\000\051}{}% 427
\BOOKMARK [2][-]{subsection.0.428}{\376\377\000T\000a\000k\000\040\000u\001\176\000\040\000m\000i\000\040\000m\000\341\000\040\000h\000o\000l\000k\000a\000\040\000m\000\341\000v\000\341\000\040\000\050\000b\000r\000a\000t\001\131\000i\000\040\000R\000y\000v\000o\000l\000o\000v\000\351\000\051}{}% 428
\BOOKMARK [2][-]{subsection.0.429}{\376\377\000T\000a\000n\001\015\000\355\000m\000e\000\040\000s\000p\000o\000l\000u\000\040\000\050\000J\000e\000l\000e\000n\000\051}{}% 429
\BOOKMARK [2][-]{subsection.0.430}{\376\377\000T\000a\000t\000a\000\040\000\050\000B\000u\000t\000y\000\051}{}% 430
\BOOKMARK [2][-]{subsection.0.431}{\376\377\000T\000a\000\040\000n\000a\001\141\000e\000\040\000\050\000V\000o\000x\000e\000l\000\051}{}% 431
\BOOKMARK [2][-]{subsection.0.432}{\376\377\000T\000e\000n\000k\000r\000a\000t\000\040\000v\000\040\000r\000\341\000j\000i\000\040\000\050\000R\000a\000d\001\157\000z\000a\000\051}{}% 432
\BOOKMARK [2][-]{subsection.0.433}{\376\377\000T\000e\000r\000e\000z\000a\000\040\000\050\000H\000o\000b\000o\000e\000s\000\051}{}% 433
\BOOKMARK [2][-]{subsection.0.434}{\376\377\000T\001\033\001\141\000\355\000n\000s\000k\000\341\000\040\000\050\000J\000a\000r\000o\000m\000\355\000r\000\040\000N\000o\000h\000a\000v\000i\000c\000a\000\051}{}% 434
\BOOKMARK [2][-]{subsection.0.435}{\376\377\000T\000h\000e\000\040\000B\000a\000l\000l\000a\000d\000\040\000O\000f\000\040\000L\000u\000c\000y\000\040\000G\000r\000a\000y\000\040\000B\000a\000i\000r\000d\000\040\000\050\000H\000u\000n\000g\000e\000r\000\040\000G\000a\000m\000e\000s\000\051}{}% 435
\BOOKMARK [2][-]{subsection.0.436}{\376\377\000T\000h\000e\000\040\000I\000s\000l\000a\000n\000d\000e\000r\000\040\000\050\000N\000i\000g\000h\000t\000w\000i\000s\000h\000\051}{}% 436
\BOOKMARK [2][-]{subsection.0.437}{\376\377\000T\000i\000s\000\355\000c\000\040\000d\000n\001\157\000\040\000m\000e\000z\000i\000\040\000n\000\341\000m\000i\000\040\000\050\000N\000e\000r\000e\000z\000\051}{}% 437
\BOOKMARK [2][-]{subsection.0.438}{\376\377\000T\000i\000s\000\355\000c\000\040\000m\000i\000l\000\040\000\050\000H\000e\000d\000y\000\040\000W\000e\000s\000t\000\040\000/\000\040\000I\000v\000o\000\040\000F\000i\000s\000c\000h\000e\000r\000\051}{}% 438
\BOOKMARK [2][-]{subsection.0.439}{\376\377\000T\000m\000o\000u\000\040\000\050\000Z\000r\000n\000\355\000\051}{}% 439
\BOOKMARK [2][-]{subsection.0.440}{\376\377\000T\000o\000u\000c\000h\000\040\000T\000h\000e\000\040\000S\000k\000y\000\040\000\050\000J\000u\000l\000i\000e\000\040\000F\000o\000w\000l\000i\000s\000\051}{}% 440
\BOOKMARK [2][-]{subsection.0.441}{\376\377\000T\000o\000u\000h\000a\000\040\000\050\000D\000a\000n\000i\000e\000l\000\040\000L\000a\000n\000d\000a\000\051}{}% 441
\BOOKMARK [2][-]{subsection.0.442}{\376\377\000T\000o\000u\000l\000a\000v\000\341\000\040\000\050\000S\000e\000b\000a\000s\000t\000i\000a\000n\000\051}{}% 442
\BOOKMARK [2][-]{subsection.0.443}{\376\377\000T\000o\000u\000l\000a\000v\000e\000j\000\040\000\050\000V\000o\000j\000t\000a\000\040\000K\000i\001\017\000\341\000k\000\040\000T\000o\000m\000\341\001\141\000k\000o\000\051}{}% 443
\BOOKMARK [2][-]{subsection.0.444}{\376\377\000T\000o\000u\000l\000a\000v\000\375\000\040\000b\000o\000t\000y\000\040\000\050\000P\000o\000u\000p\000a\000t\000a\000\051}{}% 444
\BOOKMARK [2][-]{subsection.0.445}{\376\377\000T\000o\000\040\000a\001\176\000\040\000j\000e\000d\000n\000o\000u\000\040\000\050\000O\0005\000\040\000a\000\040\000R\000a\000d\000e\001\015\000e\000k\000\051}{}% 445
\BOOKMARK [2][-]{subsection.0.446}{\376\377\000T\000o\000\040\000t\000a\000\040\000H\000e\001\076\000p\000a\000\040\000\050\000s\000l\000o\000v\000e\000n\000s\000k\000\341\000\051}{}% 446
\BOOKMARK [2][-]{subsection.0.447}{\376\377\000T\000r\000h\000\040\000v\000e\000\040\000S\000c\000a\000r\000b\000o\000r\000o\000u\000g\000h\000\040\000\050\000S\000p\000i\000r\000i\000t\000u\000\341\000l\000\040\000K\000v\000i\000n\000t\000e\000t\000\051}{}% 447
\BOOKMARK [2][-]{subsection.0.448}{\376\377\000T\001\131\000i\000n\000\341\000c\000t\000k\000a\000\040\000\050\000K\000l\000\355\001\015\000\051}{}% 448
\BOOKMARK [2][-]{subsection.0.449}{\376\377\000T\001\131\000i\000\040\000b\000r\000a\000t\001\131\000i\000\040\000\050\000s\000k\000o\000t\000s\000k\000\341\000\040\000/\000\040\000S\000p\000i\000r\000i\000t\000u\000\341\000l\000\040\000K\000v\000i\000n\000t\000e\000t\000\051}{}% 449
\BOOKMARK [2][-]{subsection.0.450}{\376\377\000T\001\131\000i\000\040\000c\000i\000k\000\341\000n\000i\000\040\000\050\000S\000k\000o\000t\000s\000k\000\341\000\040\000/\000\040\000A\000s\000o\000n\000a\000n\000c\000e\000\051}{}% 450
\BOOKMARK [2][-]{subsection.0.451}{\376\377\000T\001\131\000i\000\040\001\015\000u\000n\000\355\000c\000i\000\040\000\050\000J\000a\000r\000o\000m\000\355\000r\000\040\000N\000o\000h\000a\000v\000i\000c\000a\000\051}{}% 451
\BOOKMARK [2][-]{subsection.0.452}{\376\377\000T\001\131\000i\000\040\000k\000\341\000m\000o\001\141\000k\000y\000\040\000p\000s\000y\000c\000h\000o\000l\000o\001\176\000k\000y\000\040\000\050\000P\000o\000l\000e\000t\000\355\000m\000e\000?\000\051}{}% 452
\BOOKMARK [2][-]{subsection.0.453}{\376\377\000T\001\131\000i\000\040\000k\001\131\000\355\001\176\000e\000\040\000\050\000H\000o\000p\000\040\000T\000r\000o\000p\000\051}{}% 453
\BOOKMARK [2][-]{subsection.0.454}{\376\377\000T\001\131\000i\000\040\000o\001\131\000\355\001\141\000k\000y\000\040\000\050\000I\000v\000e\000t\000a\000\040\000B\000a\000r\000t\000o\001\141\000o\000v\000\341\000\051}{}% 454
\BOOKMARK [2][-]{subsection.0.455}{\376\377\000T\000r\000u\000b\000a\000d\000\372\000r\000s\000k\000\341\000\040\000\050\000K\000a\000r\000e\000l\000\040\000P\000l\000\355\000h\000a\000l\000\051}{}% 455
\BOOKMARK [2][-]{subsection.0.456}{\376\377\000T\000u\000l\000\341\000c\000k\000\341\000\040\000u\000k\000o\000l\000\351\000b\000a\000v\000k\000a\000\040\000\050\000G\000o\000e\000b\000e\000l\000\040\000R\000e\000e\000v\000e\000s\000\040\000/\000\040\000P\000.\000\040\000L\000o\000h\000o\000n\000k\000a\000\040\001\175\000a\000l\000m\000a\000n\000\051}{}% 456
\BOOKMARK [2][-]{subsection.0.457}{\376\377\000T\000u\000l\000\341\000c\000k\000\375\000\040\000r\000\341\000n\000o\000\040\000\050\000N\000e\000d\000v\001\033\000d\000i\000\051}{}% 457
\BOOKMARK [2][-]{subsection.0.458}{\376\377\000T\000u\000n\000e\000l\000\040\000j\000m\000\351\000n\000e\000m\000\040\001\015\000a\000s\000\040\000\050\000R\000y\000v\000o\000l\000o\000v\000\351\000\051}{}% 458
\BOOKMARK [2][-]{subsection.0.459}{\376\377\000T\000u\000\040\000k\000y\000t\000a\000r\000u\000\040\000j\000s\000e\000m\000\040\000k\000o\000u\000p\000i\000l\000\040\000k\000v\001\157\000l\000i\000\040\000t\000o\000b\001\033\000\040\000\050\000V\000\341\000c\000l\000a\000v\000\040\000N\000e\000c\000k\000a\001\131\000\051}{}% 459
\BOOKMARK [2][-]{subsection.0.460}{\376\377\000U\000k\000o\000l\000\351\000b\000a\000v\000k\000a\000\040\000\050\000K\000a\000r\000e\000l\000\040\000K\000r\000y\000l\000\051}{}% 460
\BOOKMARK [2][-]{subsection.0.461}{\376\377\000U\000p\000\355\000r\000\040\000\050\000O\000m\000e\000g\000a\000\051}{}% 461
\BOOKMARK [2][-]{subsection.0.462}{\376\377\000U\000s\000p\000\341\000v\000a\000n\000k\000a\000\040\000\050\000J\000i\000n\000d\000r\000a\000\040\000K\000e\000j\000a\000k\000\051}{}% 462
\BOOKMARK [2][-]{subsection.0.463}{\376\377\000U\001\176\000\040\000t\000o\000\040\000n\000e\000n\000a\000p\000r\000a\000v\000\355\000m\000\040\000\050\000J\000a\000r\000o\000s\000l\000a\000v\000\040\000S\000a\000m\000s\000o\000n\000\040\000L\000e\000n\000k\000\051}{}% 463
\BOOKMARK [2][-]{subsection.0.464}{\376\377\000V\000a\000l\001\015\000\355\001\015\000e\000k\000\050\000N\000e\000d\000v\001\033\000d\000i\000\051}{}% 464
\BOOKMARK [2][-]{subsection.0.465}{\376\377\000V\000\341\000l\000e\001\015\000n\000\341\000\040\000\050\000T\000o\000m\000\341\001\141\000\040\000K\000l\000u\000s\000\051}{}% 465
\BOOKMARK [2][-]{subsection.0.466}{\376\377\000V\000\341\000l\000k\000a\000\040\000r\001\157\001\176\000\355\000\040\000\050\000S\000p\000i\000r\000i\000t\000u\000\341\000l\000\040\000K\000v\000i\000n\000t\000e\000t\000\051}{}% 466
\BOOKMARK [2][-]{subsection.0.467}{\376\377\000V\000a\000r\000i\000a\000c\000e\000\040\000n\000a\000\040\000r\000e\000n\000e\000s\000a\000n\001\015\000n\000\355\000\040\000t\000\351\000m\000a\000\040\000\050\000V\000l\000a\000d\000i\000m\000\355\000r\000\040\000M\000i\001\141\000\355\000k\000\051}{}% 467
\BOOKMARK [2][-]{subsection.0.468}{\376\377\000V\001\015\000e\000l\000\355\000n\000\040\000\050\001\014\000e\000c\000h\000o\000m\000o\000r\000\051}{}% 468
\BOOKMARK [2][-]{subsection.0.469}{\376\377\000V\000e\000d\000l\000e\000\040\000t\000e\000b\000e\000\040\000u\000s\000\355\000n\000\341\000m\000\040\000\050\000M\000i\000r\000a\000i\000\051}{}% 469
\BOOKMARK [2][-]{subsection.0.470}{\376\377\000V\000e\001\017\000\040\000m\001\033\000\040\000d\000\341\000l\000,\000\040\000c\000e\000s\000t\000o\000\040\000m\000\341\000\040\000\050\000P\000a\000v\000e\000l\000\040\000B\000o\000b\000e\000k\000\051}{}% 470
\BOOKMARK [2][-]{subsection.0.471}{\376\377\000V\000e\000l\000i\001\015\000e\000n\000s\000t\000v\000o\000\040\000K\000a\000t\000\040\000\050\000K\000a\000r\000e\000l\000\040\000K\000r\000y\000l\000\051}{}% 471
\BOOKMARK [2][-]{subsection.0.472}{\376\377\000V\000e\000l\000k\000\341\000\040\000v\000o\000d\000a\000\040\000\050\000J\000a\000r\000o\000m\000\355\000r\000\040\000N\000o\000h\000a\000v\000i\000c\000a\000\051}{}% 472
\BOOKMARK [2][-]{subsection.0.473}{\376\377\000V\000e\000l\000m\000i\000\040\000n\000e\000s\000m\001\033\000l\000\341\000\040\000\050\000J\000a\000b\000l\000k\000o\001\110\000\051}{}% 473
\BOOKMARK [2][-]{subsection.0.474}{\376\377\000V\000e\000l\000r\000y\000b\000\341\001\131\000s\000k\000\341\000\040\000v\000\375\000p\000r\000a\000v\000a\000\040\000\050\000P\000a\000c\000i\000f\000i\000k\000\051}{}% 474
\BOOKMARK [2][-]{subsection.0.475}{\376\377\000V\000e\000r\000u\000n\001\015\000i\000n\000a\000\040\000p\000\355\000s\000e\001\110\000\040\000l\000\341\000s\000k\000y\000\040\000\050\000I\000v\000a\000n\000\040\000H\000l\000a\000s\000\051}{}% 475
\BOOKMARK [2][-]{subsection.0.476}{\376\377\000V\001\033\000z\000e\001\110\000s\000k\000\341\000\040\000t\000r\000i\000l\000o\000g\000i\000e\000\040\000\050\000J\000o\000a\000n\000\040\000B\000a\000e\000z\000\040\000/\000\040\000P\000a\000v\000e\000l\000\040\000L\000o\000h\000o\000n\000k\000a\000\040\001\175\000a\000l\000m\000a\000n\000\051}{}% 476
\BOOKMARK [2][-]{subsection.0.477}{\376\377\000V\000e\000\040\000z\000n\000a\000m\000e\000n\000\355\000\040\000b\000l\000\355\001\176\000e\000n\000c\001\157\000\040\000\050\000J\000a\000r\000r\000e\000t\000\051}{}% 477
\BOOKMARK [2][-]{subsection.0.478}{\376\377\000V\000\355\000n\000o\000\040\000\050\000K\000l\000\355\001\015\000\051}{}% 478
\BOOKMARK [2][-]{subsection.0.479}{\376\377\000V\000\355\000n\000o\000\040\000\050\000C\000h\000i\000n\000a\000s\000k\000i\000\051}{}% 479
\BOOKMARK [2][-]{subsection.0.480}{\376\377\000V\000\355\001\141\000,\000\040\000l\000\341\000s\000k\000o\000\040\000\050\000I\000v\000e\000t\000a\000\040\000B\000a\000r\000t\000o\001\141\000o\000v\000\341\000\051}{}% 480
\BOOKMARK [2][-]{subsection.0.481}{\376\377\000V\000l\000a\001\141\000t\000o\000v\000k\000o\000\040\000l\000e\001\145\000\040\000\050\000J\000a\000r\000o\000m\000\355\000r\000\040\000N\000o\000h\000a\000v\000i\000c\000a\000\051}{}% 481
\BOOKMARK [2][-]{subsection.0.482}{\376\377\000V\000l\000a\001\141\000t\000o\000v\000k\000y\000\040\000\050\000T\000r\000a\000b\000a\000n\000d\000\051}{}% 482
\BOOKMARK [2][-]{subsection.0.483}{\376\377\000V\000o\000d\000\341\000c\000k\000\341\000\040\000h\000o\000l\000k\000a\000\040\000\050\000H\000o\000p\000\040\000T\000r\000o\000p\000\051}{}% 483
\BOOKMARK [2][-]{subsection.0.484}{\376\377\000V\000y\000m\000y\000s\000l\000e\000n\000\341\000\040\000\050\000E\000l\000\341\000n\000\051}{}% 484
\BOOKMARK [2][-]{subsection.0.485}{\376\377\000V\000z\000h\001\157\000r\000u\000\040\000n\000a\000\040\000p\000a\000l\000u\000b\000u\000\040\000\050\000Z\000e\000\040\000s\000e\000r\000i\000\341\000l\000u\000\040\000D\000v\000a\000\040\000r\000o\000k\000y\000\040\000p\000r\000\341\000z\000d\000n\000i\000n\000\051}{}% 485
\BOOKMARK [2][-]{subsection.0.486}{\376\377\000V\000z\000p\000o\000m\000\355\000n\000k\000a\000\040\000\050\000A\000n\000e\000t\000a\000\040\000L\000a\000n\000g\000e\000r\000o\000v\000\341\000\051}{}% 486
\BOOKMARK [2][-]{subsection.0.487}{\376\377\000V\000\040\0007\000:\0002\0005\000\040\000\050\000\040\000M\000i\000c\000h\000a\000l\000\040\000H\000o\000r\000\341\000k\000\051}{}% 487
\BOOKMARK [2][-]{subsection.0.488}{\376\377\000V\000\040\000b\000l\000b\000\375\000m\000\040\000v\001\033\000k\000u\000\040\000\050\000X\000i\000n\000d\000l\000\040\000X\000\051}{}% 488
\BOOKMARK [2][-]{subsection.0.489}{\376\377\000V\000\040\001\015\000a\000s\000e\000\040\000z\000p\000\341\000t\000k\000y\000\040\000\050\000V\000o\000x\000e\000l\000\051}{}% 489
\BOOKMARK [2][-]{subsection.0.490}{\376\377\000V\000\040\000l\000e\000s\000e\000\040\000\050\000P\000o\000k\000\341\001\015\000\051}{}% 490
\BOOKMARK [2][-]{subsection.0.491}{\376\377\000V\000\040\000m\000o\001\131\000i\000\040\000j\000e\000\040\000m\000\355\000s\000t\000a\000\040\000d\000o\000s\000t\000\040\000\050\000J\000a\000r\000o\000m\000\355\000r\000\040\000N\000o\000h\000a\000v\000i\000c\000a\000\051}{}% 491
\BOOKMARK [2][-]{subsection.0.492}{\376\377\000W\000e\000\040\000S\000h\000a\000l\000l\000\040\000O\000v\000e\000r\000c\000o\000m\000e\000\040\000\050\000t\000r\000a\000d\000i\000t\000i\000o\000n\000a\000l\000\040\000/\000\040\000S\000p\000i\000r\000i\000t\000u\000\341\000l\000\040\000k\000v\000i\000n\000t\000e\000t\000\051}{}% 492
\BOOKMARK [2][-]{subsection.0.493}{\376\377\000W\000h\000a\000t\000'\000s\000\040\000U\000p\000\040\000\050\0004\000\040\000N\000o\000n\000\040\000B\000l\000o\000n\000d\000e\000s\000\051}{}% 493
\BOOKMARK [2][-]{subsection.0.494}{\376\377\000W\000i\000l\000d\000\040\000W\000o\000r\000l\000d\000\040\000\050\000C\000a\000t\000\040\000S\000t\000e\000v\000e\000n\000s\000\051}{}% 494
\BOOKMARK [2][-]{subsection.0.495}{\376\377\000W\000o\000n\000d\000e\000r\000w\000a\000l\000l\000\040\000\050\000O\000a\000s\000i\000s\000\051}{}% 495
\BOOKMARK [2][-]{subsection.0.496}{\376\377\000W\000o\000u\000n\000d\000e\000d\000\040\000K\000n\000e\000e\000\040\000\050\000R\000a\000d\001\157\000z\000a\000\051}{}% 496
\BOOKMARK [2][-]{subsection.0.497}{\376\377\000Y\000e\000s\000t\000e\000r\000d\000a\000y\000\040\000\050\000T\000h\000e\000\040\000B\000e\000a\000t\000l\000e\000s\000\051}{}% 497
\BOOKMARK [2][-]{subsection.0.498}{\376\377\000Z\000a\000b\000i\000l\000i\000,\000\040\000z\000a\000b\000i\000l\000i\000\040\000\050\000B\000a\000l\000a\000d\000a\000\040\000p\000r\000o\000\040\000b\000a\000n\000d\000i\000t\000u\000\051}{}% 498
\BOOKMARK [2][-]{subsection.0.499}{\376\377\000Z\000a\000b\000i\000l\000i\000,\000\040\000z\000a\000b\000i\000l\000i\000\040\000\050\000B\000a\000l\000a\000d\000a\000\040\000p\000r\000o\000\040\000b\000a\000n\000d\000i\000t\000u\000\051}{}% 499
\BOOKMARK [2][-]{subsection.0.500}{\376\377\000Z\000a\000c\000h\000r\000a\001\110\000t\000e\000\040\000k\000o\000n\001\033\000\040\000\050\000K\000a\000m\000e\000l\000o\000t\000\051}{}% 500
\BOOKMARK [2][-]{subsection.0.501}{\376\377\000Z\000a\000f\000\372\000k\000a\000n\000\351\000\040\000\050\000F\000l\000e\000r\000e\000t\000\051}{}% 501
\BOOKMARK [2][-]{subsection.0.502}{\376\377\000Z\000a\000h\000r\000a\000d\000a\000\040\000t\000i\000c\000h\000a\000\040\000\050\000P\000a\000v\000e\000l\000\040\000R\000o\000t\000h\000\051}{}% 502
\BOOKMARK [2][-]{subsection.0.503}{\376\377\000Z\000\341\000k\000o\000n\000\040\000s\000v\001\033\000t\000l\000u\001\141\000e\000k}{}% 503
\BOOKMARK [2][-]{subsection.0.504}{\376\377\000Z\000\341\000l\000i\000n\000s\000k\000\375\000\040\000\050\001\014\000e\000c\000h\000o\000m\000o\000r\000\051}{}% 504
\BOOKMARK [2][-]{subsection.0.505}{\376\377\001\175\000a\000l\000\040\000s\000e\000\040\000o\000d\000k\000l\000\341\000d\000\341\000\040\000\050\000J\000i\001\131\000\355\000\040\000K\000o\000r\000n\000\051}{}% 505
\BOOKMARK [2][-]{subsection.0.506}{\376\377\000Z\000a\000n\000e\000d\000b\000a\000n\000\375\000\040\000s\000e\000x\000\040\000\050\000E\000l\000\341\000n\000\051}{}% 506
\BOOKMARK [2][-]{subsection.0.507}{\376\377\000Z\000a\000t\000a\000n\001\015\000i\000\040\000\050\000J\000a\000r\000o\000m\000\355\000r\000\040\000N\000o\000h\000a\000v\000i\000c\000a\000\051}{}% 507
\BOOKMARK [2][-]{subsection.0.508}{\376\377\000Z\000a\000t\000a\000n\001\015\000\355\000m\000\040\000\050\000K\000r\000y\001\141\000t\000o\000f\000\051}{}% 508
\BOOKMARK [2][-]{subsection.0.509}{\376\377\000Z\000a\000t\000a\000n\000c\000u\000j\000\040\000s\000i\000\040\000s\000o\000\040\000m\000n\000o\000u\000\040\000\050\000A\000d\000a\000m\000\040\001\016\000u\000r\000i\000c\000a\000\051}{}% 509
\BOOKMARK [2][-]{subsection.0.510}{\376\377\000Z\000a\000t\000\355\000m\000c\000o\000\040\000s\000e\000\040\000k\000o\000u\000p\000e\001\141\000\040\000\050\000J\000a\000r\000o\000m\000\355\000r\000\040\000N\000o\000h\000a\000v\000i\000c\000a\000\051}{}% 510
\BOOKMARK [2][-]{subsection.0.511}{\376\377\000Z\000a\000t\000r\000a\000c\000e\000n\000e\000j\000\040\001\176\000i\000v\000o\000t\000\040\000\050\000G\000r\000e\000e\000n\000h\000o\000r\000n\000s\000\051}{}% 511
\BOOKMARK [2][-]{subsection.0.512}{\376\377\000Z\000a\000v\000o\000l\000e\000j\000t\000e\000\040\000s\000t\000r\000\341\001\176\000e\000\040\000\050\000S\000v\001\033\000r\000\341\000k\000,\000\040\000U\000h\000l\000\355\001\131\000\051}{}% 512
\BOOKMARK [2][-]{subsection.0.513}{\376\377\000Z\000a\000\040\0001\0000\0000\000\040\000l\000e\000t\000\040\000\050\000X\000i\000n\000d\000l\000\040\000X\000\051}{}% 513
\BOOKMARK [2][-]{subsection.0.514}{\376\377\000Z\000a\000\040\000s\000v\000o\000u\000\040\000p\000r\000a\000v\000d\000o\000u\000\040\000s\000t\000\341\000t\000\040\000\050\000S\000p\000i\000r\000i\000t\000u\000\341\000l\000\040\000k\000v\000i\000n\000t\000e\000t\000\051}{}% 514
\BOOKMARK [2][-]{subsection.0.515}{\376\377\000Z\000d\000\341\000l\000o\000\040\000s\000e\000\040\000t\000i\000\040\000z\000d\000\341\000l\000o\000\040\000\050\000J\000a\000r\000o\000s\000l\000a\000v\000\040\000S\000a\000m\000s\000o\000n\000\040\000L\000e\000n\000k\000\051}{}% 515
\BOOKMARK [2][-]{subsection.0.516}{\376\377\000Z\000e\000j\000t\000r\000a\000\040\000m\000\341\000m\000\040\000\050\000R\000e\000a\000d\000y\000\040\000K\000i\000r\000k\000e\000n\000\051}{}% 516
\BOOKMARK [2][-]{subsection.0.517}{\376\377\000Z\000e\000l\000e\000n\000\351\000\040\000f\000r\000a\000c\000o\000u\000s\000k\000\351\000\040\000p\000l\000\341\000n\001\033\000\040\000\050\000A\000s\000o\000n\000a\000n\000c\000e\000\051}{}% 517
\BOOKMARK [2][-]{subsection.0.518}{\376\377\000Z\000e\000m\001\033\000\040\000a\000n\000t\000i\000l\000o\000p\000\040\000\050\000K\000a\000m\000e\000l\000o\000t\000\051}{}% 518
\BOOKMARK [2][-]{subsection.0.519}{\376\377\001\175\000e\000n\000y\000\040\000m\000u\001\176\001\157\000\040\000\050\000E\000p\000y\000\040\000d\000e\000\040\000M\000y\000e\000\051}{}% 519
\BOOKMARK [2][-]{subsection.0.520}{\376\377\000Z\000\355\000t\000r\000a\000\040\000r\000\341\000n\000o\000\040\000v\000\040\000p\001\033\000t\000\040\000\050\000J\000a\000r\000o\000m\000\355\000r\000\040\000N\000o\000h\000a\000v\000i\000c\000a\000\051}{}% 520
\BOOKMARK [2][-]{subsection.0.521}{\376\377\001\175\000\355\000z\000e\001\110\000\040\000\050\000S\000p\000i\000r\000i\000t\000u\000\341\000l\000\040\000K\000v\000i\000n\000t\000e\000t\000\051}{}% 521
\BOOKMARK [2][-]{subsection.0.522}{\376\377\000Z\000l\000a\000t\000\375\000\040\000r\000\341\000m\000\040\000\050\000E\000p\000y\000\040\000d\000e\000\040\000M\000y\000e\000\051}{}% 522
\BOOKMARK [2][-]{subsection.0.523}{\376\377\000Z\000n\000a\000l\000a\000\040\000P\000a\000n\000n\000a\000\040\000P\000\341\000n\000a\000\040\000\050\000H\000e\000l\000e\000n\000a\000\040\000V\000o\000n\000d\000r\000\341\001\015\000k\000o\000v\000\341\000\051}{}% 523
\BOOKMARK [2][-]{subsection.0.524}{\376\377\000Z\000n\000a\000m\000e\000n\000\355\000\040\000d\000o\000b\000y\000\040\000\050\000K\000a\000r\000e\000l\000\040\000K\000r\000y\000l\000\051}{}% 524
\BOOKMARK [2][-]{subsection.0.525}{\376\377\000Z\000o\000m\000b\000i\000e\000\040\000\050\000T\000h\000e\000\040\000C\000r\000a\000n\000b\000e\000r\000r\000i\000e\000s\000\051}{}% 525
\BOOKMARK [2][-]{subsection.0.526}{\376\377\000Z\000r\000o\000z\000e\000n\000\355\000\040\000h\000v\001\033\000z\000d\000\040\000\050\000K\000a\000m\000e\000l\000o\000t\000\051}{}% 526
\BOOKMARK [2][-]{subsection.0.527}{\376\377\000Z\001\157\000s\000t\000a\001\110}{}% 527
\BOOKMARK [2][-]{subsection.0.528}{\376\377\000Z\000v\000o\000n\000\040\000\050\000G\000i\000n\000e\000v\000r\000a\000\051}{}% 528
